datetime,open,high,low,close,volume,iv,oi,spot,strike
2021-09-28 09:15:00,356.7,356.7,296.5,304.3,16750,18.584501,118550,17826.2,17550.0
2021-09-28 09:30:00,350.3,355.2,299.1,323.1,8800,12.258965,118050,17860.4,17550.0
2021-09-28 09:45:00,323.1,330.0,283.3,294.0,13400,11.354297,663550,17881.2999,17600.0
2021-09-28 10:00:00,294.9,340.0,289.0,291.0,31850,12.023357,649300,17877.5,17600.0
2021-09-28 10:15:00,290.5,337.0,290.0,310.0,8650,16.584636,116750,17839.2999,17550.0
2021-09-28 10:30:00,310.0,321.0,300.65,302.4,1650,16.997173,116550,17829.9,17550.0
2021-09-28 10:45:00,302.4,344.95,302.0,331.65,184400,17.368617,1481725,17811.5999,17500.0
2021-09-28 11:00:00,331.65,341.5,310.3,312.4,62350,16.99742,1474975,17791.5,17500.0
2021-09-28 11:15:00,311.15,338.15,301.0,338.0,71100,16.4206,1477125,17820.7999,17500.0
2021-09-28 11:30:00,291.6,342.7,291.6,313.55,33600,16.406579,1474025,17794.5,17500.0
2021-09-28 11:45:00,313.55,345.0,297.1,325.0,32500,18.663462,71800,17751.7,17450.0
2021-09-28 12:00:00,325.0,331.5,293.95,307.55,4950,15.808997,71200,17739.7,17450.0
2021-09-28 12:15:00,343.15,346.0,295.45,319.0,56850,20.225755,636800,17690.7,17400.0
2021-09-28 12:30:00,319.0,338.05,312.15,324.9,39450,19.638543,634050,17699.5,17400.0
2021-09-28 12:45:00,324.9,350.7,298.1,341.0,44450,21.677391,33200,17661.9,17350.0
2021-09-28 13:00:00,341.0,358.25,305.0,345.75,3300,21.017579,461300,17619.7999,17300.0
2021-09-28 13:15:00,345.75,359.1,300.0,340.0,4400,18.523811,33250,17670.0,17350.0
2021-09-28 13:30:00,300.8,344.7,296.65,315.7,18400,17.242115,32750,17646.5,17350.0
2021-09-28 13:45:00,315.7,330.0,305.7,313.0,1100,18.73715,33100,17639.7999,17350.0
2021-09-28 14:00:00,313.0,355.8,295.0,337.45,14500,19.672772,464550,17615.0,17300.0
2021-09-28 14:15:00,336.95,336.95,307.6,325.35,56800,22.518231,489100,17592.5,17300.0
2021-09-28 14:30:00,323.25,344.5,297.25,307.2,40750,18.250142,33350,17635.2,17350.0
2021-09-28 14:45:00,307.2,339.8,280.85,335.7,70050,12.256026,682300,17725.0,17400.0
2021-09-28 15:00:00,335.4,340.0,281.9,332.2,29400,13.263705,74550,17770.7,17450.0
2021-09-28 15:15:00,332.2,336.0,291.3,294.5,19300,13.81644,69650,17730.9,17450.0
2021-09-29 09:15:00,305.0,354.85,295.0,308.0,7550,23.06143,36750,17640.2,17350.0
2021-09-29 09:30:00,308.0,347.5,286.85,315.65,6750,27.839582,35000,17637.5999,17350.0
2021-09-29 09:45:00,315.65,350.0,285.0,298.5,23950,24.558192,672050,17676.4,17400.0
2021-09-29 10:00:00,335.0,335.0,315.0,323.95,1800,18.934512,34500,17664.4,17350.0
2021-09-29 10:15:00,284.05,335.75,284.05,318.0,26450,25.7835,35050,17646.5999,17350.0
2021-09-29 10:30:00,318.0,320.0,293.4,294.2,2050,21.740715,35500,17628.7,17350.0
2021-09-29 10:45:00,294.2,351.0,286.25,306.65,17550,23.162084,37050,17640.0,17350.0
2021-09-29 11:00:00,306.65,328.8,301.55,322.0,2750,24.596574,36600,17654.5,17350.0
2021-09-29 11:15:00,322.0,327.05,305.25,305.25,1150,23.516352,37050,17638.2,17350.0
2021-09-29 11:30:00,305.25,323.35,305.0,323.35,700,23.847528,37300,17657.9,17350.0
2021-09-29 11:45:00,323.35,339.0,287.7,328.05,19800,19.761666,41350,17668.7999,17350.0
2021-09-29 12:00:00,328.05,328.05,305.3,314.9,2700,21.910413,41450,17652.2999,17350.0
2021-09-29 12:15:00,314.9,339.45,311.95,326.45,7150,22.90198,40450,17663.5,17350.0
2021-09-29 12:30:00,326.45,330.05,303.45,313.05,2650,23.102324,41250,17648.7999,17350.0
2021-09-29 12:45:00,313.05,325.0,310.0,325.0,700,25.35464,41450,17658.2,17350.0
2021-09-29 13:00:00,325.0,338.8,291.0,317.55,29050,26.756475,645450,17697.2,17400.0
2021-09-29 13:15:00,317.55,343.15,308.0,343.15,69250,30.157052,632550,17719.0999,17400.0
2021-09-29 13:30:00,341.8,346.1,317.55,319.65,40200,25.080489,626150,17703.5,17400.0
2021-09-29 13:45:00,319.65,334.3,302.85,330.15,23000,25.217231,619600,17715.0999,17400.0
2021-09-29 14:00:00,332.15,338.5,288.6,305.0,13250,25.481372,76450,17736.7999,17450.0
2021-09-29 14:15:00,305.0,335.0,305.0,332.9,8850,30.103138,75150,17758.7999,17450.0
2021-09-29 14:30:00,332.9,348.7,326.1,343.4,8400,30.474698,74750,17770.4,17450.0
2021-09-29 14:45:00,295.05,348.25,289.15,289.15,58000,22.013471,75150,17726.2999,17450.0
2021-09-29 15:00:00,295.25,348.2,294.25,300.3,73500,0.0,614350,17701.7,17400.0
2021-09-29 15:15:00,300.3,322.75,290.15,316.3,58250,17.846486,605150,17709.7999,17400.0
2021-09-30 09:15:00,305.45,331.0,270.0,309.95,45300,0.0,29800,17663.2,17350.0
2021-09-30 09:30:00,309.95,319.3,264.0,305.05,48250,0.0,607350,17709.5999,17400.0
2021-09-30 09:45:00,305.05,322.6,268.65,308.25,38300,0.0,596150,17710.2,17400.0
2021-09-30 10:00:00,308.25,310.0,290.4,300.0,15700,0.0,600950,17703.7999,17400.0
2021-09-30 10:15:00,300.0,303.55,267.6,290.1,24900,0.0,600050,17691.7999,17400.0
2021-09-30 10:30:00,290.1,301.75,273.25,291.3,17150,0.0,591100,17693.2999,17400.0
2021-09-30 10:45:00,291.3,308.75,288.9,291.95,16750,0.0,588350,17695.2,17400.0
2021-09-30 11:00:00,291.95,301.9,282.25,290.35,37800,0.0,557650,17690.4,17400.0
2021-09-30 11:15:00,290.35,316.65,287.5,315.0,26150,0.0,549100,17715.2999,17400.0
2021-09-30 11:30:00,315.0,329.7,275.0,278.55,22650,41.787428,90350,17725.7,17450.0
2021-09-30 11:45:00,325.0,330.4,274.6,321.5,20400,0.0,546250,17723.2,17400.0
2021-09-30 12:00:00,272.1,290.85,272.1,281.1,3800,0.0,92650,17730.5999,17450.0
2021-09-30 12:15:00,332.7,332.7,270.75,318.0,21200,55.225973,546350,17714.5,17400.0
2021-09-30 12:30:00,318.0,342.4,270.1,290.85,18700,0.0,32250,17653.2999,17350.0
2021-09-30 12:45:00,290.85,320.0,258.15,270.35,30050,0.0,506550,17678.0,17400.0
2021-09-30 13:00:00,323.0,331.2,267.05,291.35,5950,0.0,31850,17652.7999,17350.0
2021-09-30 13:15:00,291.35,324.85,262.1,288.0,17150,0.0,34050,17639.7999,17350.0
2021-09-30 13:30:00,288.0,321.35,266.35,314.95,6000,0.0,318500,17621.5,17300.0
2021-09-30 13:45:00,273.0,323.7,273.0,316.5,11500,0.0,42000,17671.5999,17350.0
2021-09-30 14:00:00,316.5,316.5,276.55,290.4,6250,0.0,43250,17642.0999,17350.0
2021-09-30 14:15:00,290.4,330.25,270.0,292.5,26300,0.0,305300,17599.5,17300.0
2021-09-30 14:30:00,292.5,320.85,268.95,286.25,21050,0.0,47000,17637.5,17350.0
2021-09-30 14:45:00,286.25,295.0,272.95,285.0,4550,0.0,45150,17637.5,17350.0
2021-09-30 15:00:00,339.75,339.75,258.65,277.65,11150,0.0,44850,17633.2999,17350.0
2021-09-30 15:15:00,277.65,325.9,275.0,318.0,72950,0.0,277950,17607.5,17300.0
2021-10-01 09:15:00,500.0,553.45,467.95,496.8,9650,11.255489,142200,17506.9492,17200.0
2021-10-01 09:30:00,496.8,510.2,495.0,504.0,4050,11.145137,141350,17517.8496,17200.0
2021-10-01 09:45:00,504.0,504.0,473.2,475.6,3700,11.10635,142700,17482.9492,17200.0
2021-10-01 10:00:00,475.6,484.55,470.8,471.0,10500,10.550165,145900,17486.75,17200.0
2021-10-01 10:15:00,471.0,506.05,463.5,505.55,3100,10.972269,147500,17522.8008,17200.0
2021-10-01 10:30:00,505.55,505.55,488.1,502.0,2300,10.830673,147150,17520.75,17200.0
2021-10-01 10:45:00,470.0,487.0,470.0,483.35,300,11.317775,4600,17538.4004,17250.0
2021-10-01 11:00:00,508.0,508.0,476.7,476.7,650,11.418371,4650,17528.25,17250.0
2021-10-01 11:15:00,504.9,506.8,489.55,494.45,500,10.956809,146750,17509.6504,17200.0
2021-10-01 11:30:00,494.45,504.5,493.65,493.65,3500,11.013947,148700,17507.8008,17200.0
2021-10-01 11:45:00,493.65,493.65,469.0,481.55,3400,11.70395,150450,17480.5,17200.0
2021-10-01 12:00:00,481.55,481.55,460.0,476.45,14650,11.337477,162150,17480.6992,17200.0
2021-10-01 12:15:00,472.2,484.4,470.95,480.25,1300,11.418371,157050,17484.1992,17200.0
2021-10-01 12:30:00,480.25,482.75,471.0,471.0,450,11.130928,157300,17477.5508,17200.0
2021-10-01 12:45:00,470.9,490.25,470.9,490.25,1600,11.369252,157850,17497.9492,17200.0
2021-10-01 13:00:00,490.25,498.1,481.2,490.25,3900,10.96634,156650,17504.8496,17200.0
2021-10-01 13:15:00,490.25,495.0,481.15,492.4,1650,10.8652,156800,17509.25,17200.0
2021-10-01 13:30:00,492.4,493.35,472.4,477.15,850,10.89042,156700,17489.9004,17200.0
2021-10-01 13:45:00,477.15,478.15,469.55,476.65,1650,10.350261,156600,17498.1992,17200.0
2021-10-01 14:00:00,476.65,496.75,476.1,488.55,2000,10.200842,156500,17515.0996,17200.0
2021-10-01 14:15:00,499.0,499.0,480.85,484.7,1000,9.615198,156450,17518.9492,17200.0
2021-10-01 14:30:00,495.7,495.7,486.35,486.5,1050,10.344092,157000,17510.5996,17200.0
2021-10-01 14:45:00,486.5,498.65,486.0,495.2,700,10.161411,157150,17523.9492,17200.0
2021-10-01 15:00:00,444.4,479.6,444.4,479.6,1500,10.375154,5450,17550.9492,17250.0
2021-10-01 15:15:00,479.6,492.55,460.65,486.5,3800,9.468094,160000,17523.3496,17200.0
2021-10-04 09:15:00,447.25,466.0,425.5,461.35,2700,8.779382,201200,17619.9492,17300.0
2021-10-04 09:30:00,461.35,464.45,432.9,449.2,1500,9.012568,7450,17652.5,17350.0
2021-10-04 09:45:00,449.2,462.2,428.2,462.0,15150,9.903402,325150,17705.4004,17400.0
2021-10-04 10:00:00,462.0,474.6,451.3,464.45,19650,9.653589,328200,17711.8008,17400.0
2021-10-04 10:15:00,465.0,477.5,465.0,476.65,5000,9.834918,329650,17724.0,17400.0
2021-10-04 10:30:00,476.65,477.9,435.5,450.0,2300,10.449461,22200,17732.0996,17450.0
2021-10-04 10:45:00,450.0,455.05,450.0,455.05,250,9.902821,21500,17746.5996,17450.0
2021-10-04 11:00:00,455.05,475.8,439.6,474.3,1200,9.694782,330000,17723.25,17400.0
2021-10-04 11:15:00,476.6,480.0,468.25,469.7,3100,10.025478,330950,17713.4492,17400.0
2021-10-04 11:30:00,469.7,469.7,452.2,453.0,4900,10.085011,331000,17692.4492,17400.0
2021-10-04 11:45:00,453.0,468.2,447.05,461.5,6000,10.225591,330800,17700.8496,17400.0
2021-10-04 12:00:00,461.5,466.3,448.65,453.85,5550,10.033298,329350,17694.4004,17400.0
2021-10-04 12:15:00,453.85,502.25,436.0,439.3,6250,10.017574,327400,17676.8496,17400.0
2021-10-04 12:30:00,472.0,472.0,436.8,439.95,2850,9.885206,323100,17679.75,17400.0
2021-10-04 12:45:00,439.95,469.0,432.85,435.85,1400,9.720669,322800,17677.1992,17400.0
2021-10-04 13:00:00,429.7,470.0,429.7,439.0,850,10.094035,320950,17675.5996,17400.0
2021-10-04 13:15:00,439.0,453.25,436.1,453.25,6350,9.898702,321050,17696.0,17400.0
2021-10-04 13:30:00,453.25,470.95,453.25,461.65,6650,9.892957,320100,17706.3008,17400.0
2021-10-04 13:45:00,461.65,470.6,459.0,468.35,2450,10.055534,319600,17712.1992,17400.0
2021-10-04 14:00:00,468.35,468.35,445.15,456.1,6000,9.947442,321300,17699.0,17400.0
2021-10-04 14:15:00,456.1,457.7,446.65,456.8,1450,9.92009,321400,17700.3008,17400.0
2021-10-04 14:30:00,456.8,463.15,444.7,455.6,7850,10.149592,322850,17695.6504,17400.0
2021-10-04 14:45:00,455.6,458.9,450.35,456.1,6200,10.169546,322050,17696.0508,17400.0
2021-10-04 15:00:00,456.1,464.7,445.0,460.2,9650,10.403817,320550,17697.6992,17400.0
2021-10-04 15:15:00,460.2,463.0,454.5,456.45,11300,9.945369,317200,17699.8496,17400.0
2021-10-04 15:30:00,456.55,456.55,456.55,456.55,100,9.965002,317200,17699.6992,17400.0
2021-10-05 09:15:00,426.0,441.0,421.2,433.45,17100,9.591545,311950,17682.6504,17400.0
2021-10-05 09:30:00,423.7,440.25,423.7,429.35,7900,9.382031,315950,17680.6504,17400.0
2021-10-05 09:45:00,429.35,429.35,424.7,429.2,1600,9.262213,317600,17682.0996,17400.0
2021-10-05 10:00:00,472.35,472.35,417.0,425.0,500,8.802278,318250,17683.1504,17400.0
2021-10-05 10:15:00,425.0,441.05,425.0,438.15,21350,8.820123,322450,17698.4492,17400.0
2021-10-05 10:30:00,438.15,438.15,424.75,432.45,1350,8.889648,323000,17691.0,17400.0
2021-10-05 10:45:00,432.45,433.7,425.7,431.8,2500,8.963061,322900,17689.4004,17400.0
2021-10-05 11:00:00,431.8,431.8,420.75,427.0,2350,8.741074,323750,17686.5508,17400.0
2021-10-05 11:15:00,427.0,434.55,427.0,433.65,1650,8.405996,323100,17698.25,17400.0
2021-10-05 11:30:00,433.65,441.0,426.75,428.65,7300,8.596394,323550,17690.3496,17400.0
2021-10-05 11:45:00,428.65,430.85,422.7,428.7,3900,9.130116,323600,17683.9004,17400.0
2021-10-05 12:00:00,428.7,436.2,428.7,434.75,1950,8.780739,324100,17695.4492,17400.0
2021-10-05 12:15:00,434.75,441.1,431.8,434.95,5450,8.864969,323850,17694.75,17400.0
2021-10-05 12:30:00,434.95,455.45,420.0,436.5,4600,9.947934,20200,17731.6504,17450.0
2021-10-05 12:45:00,436.5,452.95,432.45,452.95,1250,9.778243,21100,17754.0,17450.0
2021-10-05 13:00:00,452.95,458.65,433.6,449.4,2050,9.935151,20450,17747.6504,17450.0
2021-10-05 13:15:00,449.4,453.0,443.15,443.15,550,9.319002,19950,17748.4492,17450.0
2021-10-05 13:30:00,443.15,458.35,443.15,458.35,350,9.332141,19850,17766.3008,17450.0
2021-10-05 14:00:00,430.95,445.0,430.9,444.5,24300,9.785181,1092900,17793.4492,17500.0
2021-10-05 14:15:00,444.5,448.2,433.05,441.05,46100,9.529393,1091050,17792.8496,17500.0
2021-10-05 14:30:00,441.9,460.45,438.8,460.1,70200,9.135542,1103550,17820.3496,17500.0
2021-10-05 14:45:00,464.0,467.65,427.7,461.8,28400,9.088236,1099850,17822.9492,17500.0
2021-10-05 15:00:00,463.95,463.95,421.75,430.25,12600,9.658867,18050,17827.5508,17550.0
2021-10-05 15:15:00,465.2,467.45,430.0,433.0,26350,9.776877,18000,17829.3008,17550.0
2021-10-06 09:15:00,426.05,444.1,396.0,442.0,16900,7.733859,18200,17868.6992,17550.0
2021-10-06 09:30:00,442.0,443.5,416.6,416.6,4500,7.009803,20350,17846.6992,17550.0
2021-10-06 09:45:00,416.6,416.6,410.8,414.1,450,6.397631,20550,17848.4492,17550.0
2021-10-06 10:00:00,414.1,426.15,410.0,410.0,550,7.815143,21000,17832.0508,17550.0
2021-10-06 10:15:00,445.15,445.15,407.65,431.05,45200,6.462474,1077950,17816.8008,17500.0
2021-10-06 10:30:00,430.5,436.0,399.25,405.0,19000,7.140165,21750,17833.0,17550.0
2021-10-06 10:45:00,405.0,445.65,404.25,404.25,4600,7.859386,21650,17825.1992,17550.0
2021-10-06 11:00:00,404.25,443.8,404.25,432.9,10150,6.000092,1075500,17821.4004,17500.0
2021-10-06 11:15:00,396.0,415.45,396.0,415.45,150,7.025034,21650,17845.75,17550.0
2021-10-06 12:00:00,415.45,427.0,410.0,427.0,550,6.286937,21550,17863.5,17550.0
2021-10-06 12:15:00,427.0,432.1,403.0,403.9,650,7.718805,831100,17876.1504,17600.0
2021-10-06 12:30:00,432.1,432.1,400.45,408.3,400,7.432018,21600,17834.5508,17550.0
2021-10-06 12:45:00,408.3,436.95,399.55,403.05,6650,7.453031,21750,17828.5,17550.0
2021-10-06 13:00:00,442.0,442.0,407.0,408.0,31100,8.296211,1051450,17775.9004,17500.0
2021-10-06 13:15:00,439.0,454.1,398.0,408.25,10050,7.72321,1051400,17782.4004,17500.0
2021-10-06 13:30:00,440.0,455.6,417.6,426.35,1050,8.056472,18400,17750.25,17450.0
2021-10-06 13:45:00,426.35,427.35,423.7,427.35,100,8.01517,18150,17751.8496,17450.0
2021-10-06 14:00:00,403.35,433.75,397.4,433.75,12550,8.275408,18100,17756.5996,17450.0
2021-10-06 14:15:00,445.95,448.0,420.1,436.6,20950,8.074463,296300,17712.4004,17400.0
2021-10-06 14:30:00,435.55,460.5,412.8,452.45,19200,8.82539,7750,17673.5996,17350.0
2021-10-06 14:45:00,452.45,452.45,432.0,436.5,200,9.974122,7700,17641.1992,17350.0
2021-10-06 15:00:00,410.15,425.0,410.15,419.5,4050,9.289474,288200,17679.1504,17400.0
2021-10-06 15:15:00,436.5,470.0,430.05,465.55,2850,10.741046,176400,17616.9004,17300.0
2021-10-07 09:15:00,400.0,436.0,400.0,435.15,168250,8.639852,1023100,17809.3496,17500.0
2021-10-07 09:30:00,436.0,462.45,436.0,453.0,56650,9.739424,1008300,17817.9004,17500.0
2021-10-07 09:45:00,452.25,456.95,436.0,450.0,31200,9.949689,1010900,17811.8496,17500.0
2021-10-07 10:00:00,450.0,451.0,438.65,445.75,11900,9.822792,1009850,17808.4492,17500.0
2021-10-07 10:15:00,445.75,450.4,433.3,443.75,14150,10.417569,1011550,17798.3496,17500.0
2021-10-07 10:30:00,443.75,458.85,436.8,456.1,15900,10.169987,1012100,17816.5996,17500.0
2021-10-07 10:45:00,456.25,457.95,447.05,452.0,15950,10.714311,1014900,17804.5,17500.0
2021-10-07 11:00:00,452.0,453.55,447.0,447.15,10250,10.442582,1012450,17802.4004,17500.0
2021-10-07 11:15:00,447.15,454.5,438.65,444.0,4900,10.565558,1011650,17796.9492,17500.0
2021-10-07 11:30:00,444.0,464.95,425.0,426.0,17000,10.479651,21400,17825.3496,17550.0
2021-10-07 11:45:00,470.0,471.0,426.0,449.6,4850,11.36813,21500,17841.5996,17550.0
2021-10-07 12:00:00,449.6,455.35,446.35,455.35,750,11.367919,21300,17848.8496,17550.0
2021-10-07 12:15:00,455.35,455.35,442.0,443.0,200,10.981068,21300,17839.3496,17550.0
2021-10-07 12:30:00,443.0,453.7,443.0,448.05,700,10.856705,21300,17847.5,17550.0
2021-10-07 12:45:00,448.05,448.05,430.3,435.25,350,10.60665,21100,17835.4004,17550.0
2021-10-07 13:00:00,435.25,450.0,435.25,450.0,700,11.012657,21100,17847.8496,17550.0
2021-10-07 13:15:00,450.0,454.5,441.85,441.85,1150,11.013294,20950,17837.8008,17550.0
2021-10-07 13:30:00,441.85,476.45,425.25,430.0,6950,10.710111,20850,17827.5996,17550.0
2021-10-07 13:45:00,463.15,463.7,425.0,432.6,3650,9.839138,20850,17843.0508,17550.0
2021-10-07 14:00:00,432.6,444.1,432.6,438.2,450,10.245675,20650,17844.5,17550.0
2021-10-07 14:15:00,438.2,441.9,438.2,441.9,200,11.250645,20650,17834.5508,17550.0
2021-10-07 14:30:00,463.1,463.1,434.1,442.0,19850,9.71855,1042200,17806.6992,17500.0
2021-10-07 14:45:00,442.85,446.6,432.0,444.45,24000,9.807331,1044100,17808.5996,17500.0
2021-10-07 15:00:00,444.45,445.05,425.65,425.8,32150,9.502023,1039300,17790.25,17500.0
2021-10-07 15:15:00,425.0,443.0,420.2,440.05,82050,10.298014,1080700,17797.1504,17500.0
2021-10-08 09:15:00,396.15,432.55,387.45,397.55,4800,8.285297,675300,17875.5508,17600.0
2021-10-08 09:30:00,429.65,438.45,417.3,417.3,2950,7.969682,21550,17851.8008,17550.0
2021-10-08 09:45:00,395.55,418.5,393.6,409.35,37550,8.469205,661150,17887.4004,17600.0
2021-10-08 10:00:00,409.35,446.7,395.8,411.3,31200,8.037882,651650,17894.0508,17600.0
2021-10-08 10:15:00,411.3,430.0,394.0,400.8,29950,7.508586,62900,17936.6504,17650.0
2021-10-08 10:30:00,400.8,445.6,395.0,429.0,5900,6.884026,628100,17922.75,17600.0
2021-10-08 10:45:00,429.0,432.0,386.4,429.75,7300,7.640846,628300,17918.3496,17600.0
2021-10-08 11:00:00,429.75,432.5,402.5,415.05,8900,6.624501,628350,17909.4492,17600.0
2021-10-08 11:15:00,415.05,426.95,405.85,420.0,9400,6.736744,622800,17914.1504,17600.0
2021-10-08 11:30:00,420.0,427.35,415.65,427.35,15900,6.919047,618100,17921.0,17600.0
2021-10-08 11:45:00,427.35,430.0,407.7,413.0,3450,7.437087,617900,17901.6992,17600.0
2021-10-08 12:00:00,413.0,443.75,393.6,425.7,4600,7.627456,19250,17864.75,17550.0
2021-10-08 12:15:00,425.7,426.85,412.05,423.65,300,7.701078,19300,17861.9492,17550.0
2021-10-08 12:30:00,423.65,427.9,395.5,398.1,5200,7.689666,616900,17883.0508,17600.0
2021-10-08 12:45:00,432.0,432.0,382.35,399.55,2200,7.156764,615150,17889.3008,17600.0
2021-10-08 13:00:00,399.55,431.0,388.35,396.0,3250,7.786248,614800,17879.9004,17600.0
2021-10-08 13:15:00,396.0,404.1,395.2,403.05,2250,7.326489,615250,17891.9492,17600.0
2021-10-08 13:30:00,403.05,419.0,396.2,396.2,8100,8.216143,614850,17875.9492,17600.0
2021-10-08 13:45:00,396.05,407.05,395.2,405.85,3250,7.742732,614700,17891.6504,17600.0
2021-10-08 14:00:00,405.85,422.8,405.5,422.8,9950,6.806896,615100,17917.4004,17600.0
2021-10-08 14:15:00,423.4,436.0,393.65,427.2,16950,6.411662,610600,17924.3496,17600.0
2021-10-08 14:30:00,393.65,432.85,390.0,393.0,5000,7.511233,61800,17929.0,17650.0
2021-10-08 14:45:00,427.95,430.0,390.5,421.25,14500,7.461578,608850,17911.4004,17600.0
2021-10-08 15:00:00,421.25,421.25,404.25,412.55,8400,8.138995,608350,17895.9004,17600.0
2021-10-08 15:15:00,412.55,421.45,409.95,420.0,10450,7.790298,605400,17907.5,17600.0
2021-10-11 09:15:00,386.3,414.05,385.15,404.5,9100,9.140906,607200,17896.3008,17600.0
2021-10-11 09:30:00,404.95,421.0,383.0,398.0,3900,8.599924,59750,17943.5996,17650.0
2021-10-11 09:45:00,405.45,430.65,395.5,419.75,7350,8.373596,57100,17970.1992,17650.0
2021-10-11 10:00:00,419.75,426.7,383.2,388.65,2750,8.952316,879100,17979.0,17700.0
2021-10-11 10:15:00,388.65,432.1,384.65,425.7,10350,9.767943,56600,17964.4004,17650.0
2021-10-11 10:30:00,425.7,428.15,390.65,411.0,32950,9.663863,871900,17997.8496,17700.0
2021-10-11 10:45:00,411.0,413.0,396.45,405.8,18250,10.117643,867850,17986.5996,17700.0
2021-10-11 11:00:00,405.8,431.75,404.85,430.8,26200,10.14957,863250,18016.0996,17700.0
2021-10-11 11:15:00,430.8,431.15,422.6,428.7,10300,9.944886,861850,18015.9004,17700.0
2021-10-11 11:30:00,428.7,437.2,399.95,425.0,38600,9.601564,878000,18015.1992,17700.0
2021-10-11 11:45:00,425.0,425.0,406.2,409.1,30250,10.02794,881450,17991.9492,17700.0
2021-10-11 12:00:00,409.1,421.25,397.65,421.25,31350,10.745225,887500,17998.1504,17700.0
2021-10-11 12:15:00,421.25,435.15,420.0,435.15,18200,10.482794,887500,18018.0,17700.0
2021-10-11 12:30:00,433.8,442.55,403.05,406.0,23950,10.432373,52800,18033.0508,17750.0
2021-10-11 12:45:00,407.0,410.0,403.75,403.75,1500,10.498646,51650,18029.5508,17750.0
2021-10-11 13:00:00,441.15,445.5,401.5,428.95,8050,10.207944,877950,18013.9492,17700.0
2021-10-11 13:15:00,428.95,441.4,402.0,402.0,29850,10.654462,50950,18025.5996,17750.0
2021-10-11 13:30:00,402.0,444.55,402.0,442.85,1850,10.792229,882350,18024.0996,17700.0
2021-10-11 13:45:00,446.25,446.25,403.0,421.35,12150,11.276046,880150,17992.1992,17700.0
2021-10-11 14:00:00,421.35,436.0,414.25,436.0,15150,10.990799,879400,18013.75,17700.0
2021-10-11 14:15:00,436.0,438.7,419.8,427.7,12650,11.331376,875750,17999.5,17700.0
2021-10-11 14:30:00,427.7,430.5,407.0,416.0,14650,11.506902,874300,17982.75,17700.0
2021-10-11 14:45:00,413.0,422.3,408.45,409.45,19700,11.216727,875350,17978.5996,17700.0
2021-10-11 15:00:00,447.0,447.0,420.3,425.0,1450,10.997282,46750,17951.3008,17650.0
2021-10-11 15:15:00,423.4,426.25,414.05,425.85,950,10.89326,46650,17953.6992,17650.0
2021-10-12 09:15:00,393.05,407.8,370.75,380.25,10200,8.456725,864150,17981.1992,17700.0
2021-10-12 09:30:00,429.5,429.5,412.65,415.45,1950,8.57176,565050,17920.9004,17600.0
2021-10-12 09:45:00,382.15,416.15,382.15,401.0,350,7.588232,47100,17961.5996,17650.0
2021-10-12 10:00:00,401.0,402.9,385.4,395.0,600,6.401681,47350,17961.5,17650.0
2021-10-12 10:15:00,395.0,421.05,381.7,417.65,3500,8.508482,564200,17924.0996,17600.0
2021-10-12 10:30:00,417.65,417.65,394.6,411.1,11000,7.516616,564200,17923.5508,17600.0
2021-10-12 10:45:00,411.1,411.1,392.2,408.0,5550,7.976075,563250,17917.3496,17600.0
2021-10-12 11:00:00,408.0,414.5,397.55,410.0,5000,7.088403,561450,17924.8008,17600.0
2021-10-12 11:15:00,410.0,413.25,371.45,373.75,1150,8.007249,48350,17928.6992,17650.0
2021-10-12 11:30:00,409.5,409.5,390.0,401.05,8950,8.08727,562700,17909.0996,17600.0
2021-10-12 11:45:00,401.05,401.05,378.0,386.0,11250,8.674797,561900,17887.4492,17600.0
2021-10-12 12:00:00,386.0,402.0,385.25,395.35,6700,8.161121,561100,17902.3496,17600.0
2021-10-12 12:15:00,395.3,395.3,390.0,390.95,3000,8.909424,560500,17891.1504,17600.0
2021-10-12 12:30:00,390.95,416.85,374.0,382.1,4700,9.259015,49450,17927.0508,17650.0
2021-10-12 12:45:00,382.1,430.65,378.0,405.15,3400,8.32533,560050,17912.25,17600.0
2021-10-12 13:00:00,406.3,412.2,375.25,378.9,1250,8.431788,50750,17931.4004,17650.0
2021-10-12 13:15:00,378.9,422.3,378.9,415.4,1450,8.206535,558050,17924.5996,17600.0
2021-10-12 13:30:00,381.1,421.2,381.1,410.0,9000,8.747957,559200,17914.5996,17600.0
2021-10-12 13:45:00,410.0,422.0,381.05,385.0,2750,9.230236,49850,17931.1504,17650.0
2021-10-12 14:00:00,385.0,412.7,385.0,410.45,6650,9.152146,49950,17961.4004,17650.0
2021-10-12 14:15:00,383.35,428.1,383.35,387.9,21450,10.027073,834550,17975.6504,17700.0
2021-10-12 14:30:00,387.9,426.6,384.0,387.9,1600,10.033667,834800,17975.6504,17700.0
2021-10-12 14:45:00,386.5,429.0,384.75,386.7,9100,9.858952,831850,17976.25,17700.0
2021-10-12 15:00:00,381.6,392.0,381.6,392.0,18450,9.006173,824200,17991.4004,17700.0
2021-10-12 15:15:00,392.8,408.6,392.8,400.0,34750,8.45969,814850,18005.3496,17700.0
2021-10-13 09:15:00,396.4,403.95,362.65,375.15,32150,7.791618,1285100,18087.0,17800.0
2021-10-13 09:30:00,375.15,383.05,371.75,378.0,59950,7.913507,1286200,18089.3496,17800.0
2021-10-13 09:45:00,378.0,412.0,371.35,405.0,64250,8.146832,1285350,18117.6992,17800.0
2021-10-13 10:00:00,405.0,407.05,393.0,406.65,32400,8.492633,1278100,18117.1504,17800.0
2021-10-13 10:15:00,406.65,410.15,361.45,407.5,15650,7.431003,1277600,18124.9004,17800.0
2021-10-13 10:30:00,407.4,410.05,367.4,372.25,25650,8.307389,63950,18129.6504,17850.0
2021-10-13 10:45:00,409.95,410.7,368.9,369.05,14850,8.346331,60600,18125.75,17850.0
2021-10-13 11:00:00,369.05,385.0,369.05,385.0,2050,8.91215,60150,18139.0996,17850.0
2021-10-13 11:15:00,385.0,386.4,376.85,386.4,1750,9.085892,59950,18139.1992,17850.0
2021-10-13 11:30:00,386.4,390.9,382.65,385.55,2850,8.769966,59650,18141.1504,17850.0
2021-10-13 11:45:00,385.55,423.4,374.95,382.0,16850,8.803724,58700,18136.8496,17850.0
2021-10-13 12:00:00,382.0,393.5,382.0,389.0,800,9.910604,58200,18134.25,17850.0
2021-10-13 12:15:00,389.0,411.0,389.0,403.7,3400,9.650869,57750,18154.25,17850.0
2021-10-13 12:30:00,403.7,404.0,384.95,394.5,1050,10.001498,56750,18140.0,17850.0
2021-10-13 12:45:00,394.5,406.4,389.95,406.4,2150,9.26067,56850,18161.0996,17850.0
2021-10-13 13:00:00,406.4,415.0,400.0,415.0,1300,9.288241,55250,18170.75,17850.0
2021-10-13 13:15:00,415.0,423.8,410.65,415.0,1950,9.856337,54950,18165.75,17850.0
2021-10-13 13:30:00,415.0,420.0,384.15,390.65,22050,10.573843,923700,18178.8496,17900.0
2021-10-13 13:45:00,390.65,408.85,389.55,404.45,27500,11.015853,923650,18190.5508,17900.0
2021-10-13 14:00:00,404.45,435.05,390.15,418.95,14600,10.585236,53250,18163.4004,17850.0
2021-10-13 14:15:00,382.0,404.05,382.0,398.95,20600,11.181542,919550,18182.0,17900.0
2021-10-13 14:30:00,398.95,401.95,390.45,390.55,17650,10.900268,915000,18175.1992,17900.0
2021-10-13 14:45:00,390.55,433.2,385.15,393.0,22000,10.627222,915900,18181.5508,17900.0
2021-10-13 15:00:00,432.0,432.0,412.9,420.85,700,10.486179,51650,18167.0,17850.0
2021-10-13 15:15:00,420.85,420.85,412.0,419.9,2950,10.509239,50250,18165.75,17850.0
2021-10-14 09:15:00,370.0,414.25,355.95,371.05,150700,9.185592,2010850,18276.25,18000.0
2021-10-14 09:30:00,371.05,410.05,362.35,392.05,34950,7.780336,75900,18261.3496,17950.0
2021-10-14 09:45:00,392.05,403.3,361.4,374.0,29000,8.392053,1973600,18286.75,18000.0
2021-10-14 10:00:00,374.0,377.8,368.15,369.1,44800,9.056243,1956250,18275.4492,18000.0
2021-10-14 10:15:00,367.8,371.55,367.35,368.5,30500,8.497119,1938350,18279.8008,18000.0
2021-10-14 10:30:00,368.5,405.25,365.15,367.0,18800,8.673122,1939650,18276.6504,18000.0
2021-10-14 10:45:00,364.7,374.85,364.5,373.6,60850,8.442196,1918600,18286.1992,18000.0
2021-10-14 11:00:00,373.6,387.0,372.65,386.45,75200,8.580335,1895050,18299.6992,18000.0
2021-10-14 11:15:00,386.1,398.0,385.05,396.7,72900,8.828067,1877100,18309.4004,18000.0
2021-10-14 11:30:00,396.7,403.0,390.95,399.0,68400,9.545846,1860550,18306.0996,18000.0
2021-10-14 11:45:00,399.6,404.0,395.0,396.85,45400,8.61306,1864100,18311.3496,18000.0
2021-10-14 12:00:00,396.85,402.0,391.8,396.95,44600,8.803627,1861200,18310.0996,18000.0
2021-10-14 12:15:00,398.0,399.1,384.5,392.4,65300,9.353452,1878150,18300.4492,18000.0
2021-10-14 12:30:00,392.4,392.95,383.15,388.95,26750,9.480322,1877050,18295.4004,18000.0
2021-10-14 12:45:00,388.95,393.0,380.3,384.7,28250,10.082312,1872100,18284.5996,18000.0
2021-10-14 13:00:00,384.7,415.0,376.55,386.0,33700,10.28588,1870450,18284.0996,18000.0
2021-10-14 13:15:00,386.0,422.25,381.65,412.35,13300,10.317878,74750,18265.5,17950.0
2021-10-14 13:30:00,412.35,417.65,377.95,396.55,44100,10.2014,1855950,18297.6992,18000.0
2021-10-14 13:45:00,396.55,405.95,390.95,395.05,44000,10.315684,1826250,18294.8496,18000.0
2021-10-14 14:00:00,395.05,407.0,395.0,401.7,34350,9.690273,1817500,18308.75,18000.0
2021-10-14 14:15:00,401.7,413.0,392.35,393.7,58600,9.002005,1818350,18305.5508,18000.0
2021-10-14 14:30:00,393.7,402.75,388.2,399.0,64400,9.498767,1825950,18307.5,18000.0
2021-10-14 14:45:00,399.0,410.95,369.5,375.0,19950,9.391414,37000,18330.3008,18050.0
2021-10-14 15:00:00,375.0,385.15,372.0,382.0,2700,9.22783,37150,18340.0508,18050.0
2021-10-14 15:15:00,382.0,393.1,378.75,385.0,5950,9.716091,35350,18339.0508,18050.0
2021-10-18 09:15:00,395.45,395.45,345.35,392.4,77600,11.411047,1021450,18514.4492,18200.0
2021-10-18 09:30:00,391.4,405.0,361.6,400.0,87650,11.499341,50050,18473.0996,18150.0
2021-10-18 09:45:00,360.0,406.0,356.85,390.6,26100,11.251458,47150,18464.25,18150.0
2021-10-18 10:00:00,392.95,400.0,354.25,374.15,47350,10.817826,939300,18498.3008,18200.0
2021-10-18 10:15:00,374.15,377.2,364.95,371.0,30550,10.272433,926850,18499.0508,18200.0
2021-10-18 10:30:00,371.0,374.85,362.7,368.0,40800,9.893467,908650,18498.5,18200.0
2021-10-18 10:45:00,368.0,384.8,367.45,369.0,36450,9.925269,893400,18499.5,18200.0
2021-10-18 11:00:00,369.0,378.05,366.35,368.2,41950,10.477471,888050,18494.5,18200.0
2021-10-18 11:15:00,368.2,375.6,362.75,375.0,14950,9.996438,886050,18506.0,18200.0
2021-10-18 11:30:00,375.0,375.05,360.85,365.1,15500,10.022314,883350,18494.5996,18200.0
2021-10-18 11:45:00,365.1,372.65,362.8,368.05,20600,9.611104,882700,18500.9492,18200.0
2021-10-18 12:00:00,368.05,381.95,364.25,374.25,15050,8.431146,882850,18514.6992,18200.0
2021-10-18 12:15:00,374.25,386.4,372.05,378.6,13100,9.815552,882750,18511.6504,18200.0
2021-10-18 12:30:00,378.6,396.85,350.0,358.3,12400,10.731276,70000,18531.0,18250.0
2021-10-18 12:45:00,358.3,397.4,356.95,382.05,13450,10.918897,875650,18507.75,18200.0
2021-10-18 13:00:00,382.05,390.0,373.95,378.25,22650,12.191998,871500,18492.1504,18200.0
2021-10-18 13:15:00,376.0,380.1,357.4,372.5,28900,12.112119,870600,18486.0508,18200.0
2021-10-18 13:30:00,372.5,387.0,368.85,383.8,17500,11.488826,865000,18505.4004,18200.0
2021-10-18 13:45:00,383.8,390.0,377.0,389.15,16550,11.20706,862650,18514.0996,18200.0
2021-10-18 14:00:00,389.15,400.0,353.25,395.65,18800,10.818601,858600,18524.6504,18200.0
2021-10-18 14:15:00,355.1,394.0,353.15,386.8,29700,11.409777,861850,18509.9004,18200.0
2021-10-18 14:30:00,386.8,390.0,368.4,371.7,14500,12.049123,854200,18486.25,18200.0
2021-10-18 14:45:00,371.6,382.6,366.2,381.6,11900,12.446297,852600,18494.5508,18200.0
2021-10-18 15:00:00,381.6,408.9,369.65,407.65,10950,12.720738,36900,18473.9492,18150.0
2021-10-18 15:15:00,407.5,410.35,367.5,367.6,6500,12.579461,850250,18476.25,18200.0
2021-10-19 09:15:00,374.35,384.45,331.0,340.45,31200,8.807195,868750,18581.5996,18300.0
2021-10-19 09:30:00,341.0,384.0,333.8,336.75,20700,8.899588,860200,18577.0,18300.0
2021-10-19 09:45:00,334.95,380.95,332.5,373.55,35900,10.612039,64650,18557.8496,18250.0
2021-10-19 10:00:00,373.55,444.8,340.55,375.0,24850,10.706568,36350,18459.5996,18150.0
2021-10-19 10:15:00,375.0,404.05,334.0,374.8,21700,10.888893,824750,18507.8496,18200.0
2021-10-19 10:30:00,374.85,391.35,343.85,384.4,12100,10.731206,823000,18520.0,18200.0
2021-10-19 10:45:00,384.4,386.45,348.0,348.85,2500,9.930678,70150,18534.6992,18250.0
2021-10-19 11:00:00,348.85,360.7,348.85,349.95,800,10.329927,69250,18533.1992,18250.0
2021-10-19 11:15:00,349.95,373.7,349.65,371.0,2500,9.098746,69150,18564.5996,18250.0
2021-10-19 11:30:00,371.0,371.0,358.85,365.0,850,7.616649,69600,18564.4004,18250.0
2021-10-19 11:45:00,365.0,372.0,365.0,372.0,600,8.451632,69800,18568.8008,18250.0
2021-10-19 12:00:00,372.0,376.0,333.95,336.25,3600,9.238691,867150,18575.1504,18300.0
2021-10-19 12:15:00,380.0,380.9,337.15,344.4,43100,10.475506,855250,18575.8008,18300.0
2021-10-19 12:30:00,342.45,381.45,338.3,364.7,15750,9.964317,70750,18553.0996,18250.0
2021-10-19 12:45:00,364.7,380.0,335.35,343.0,9400,8.983454,851000,18584.5508,18300.0
2021-10-19 13:00:00,343.0,347.2,336.8,343.75,17050,9.453318,849900,18582.5996,18300.0
2021-10-19 13:15:00,343.75,345.05,338.0,342.55,24500,9.364171,844600,18581.9004,18300.0
2021-10-19 13:30:00,342.55,346.05,338.5,343.8,9150,9.903391,843800,18579.8008,18300.0
2021-10-19 13:45:00,382.45,385.85,337.85,371.25,3900,10.158025,69250,18559.6992,18250.0
2021-10-19 14:00:00,371.25,395.2,345.1,383.05,76300,11.498139,773450,18514.4004,18200.0
2021-10-19 14:15:00,383.05,399.5,348.25,383.0,39150,10.636949,746250,18520.4004,18200.0
2021-10-19 14:30:00,383.0,393.0,335.0,372.0,12850,11.900925,744900,18498.5,18200.0
2021-10-19 14:45:00,372.0,377.6,355.0,360.2,24300,11.790161,733800,18485.5,18200.0
2021-10-19 15:00:00,360.2,408.9,352.5,392.0,20300,14.02354,440550,18404.75,18100.0
2021-10-19 15:15:00,393.2,411.6,375.9,407.15,35150,14.310957,440750,18420.75,18100.0
2021-10-20 09:15:00,346.35,402.15,346.35,374.7,12350,15.349033,431200,18379.9004,18100.0
2021-10-20 09:30:00,400.75,408.5,367.65,383.45,11650,14.933522,435000,18395.3496,18100.0
2021-10-20 09:45:00,383.45,393.9,376.9,393.9,7050,14.029025,422800,18416.6504,18100.0
2021-10-20 10:00:00,345.9,378.8,345.9,375.95,1050,13.964602,33750,18445.0,18150.0
2021-10-20 10:15:00,409.0,409.0,350.4,406.1,12200,15.1838,412650,18421.5508,18100.0
2021-10-20 10:30:00,366.05,408.1,366.05,389.7,12800,15.603719,406950,18397.1504,18100.0
2021-10-20 10:45:00,389.7,394.25,375.0,381.6,10700,15.404589,401350,18389.0508,18100.0
2021-10-20 11:00:00,381.6,428.35,372.8,394.9,8500,16.11162,399150,18398.9004,18100.0
2021-10-20 11:15:00,394.9,405.0,392.5,405.0,6150,15.319714,397750,18419.5,18100.0
2021-10-20 11:30:00,405.0,407.5,372.0,384.0,13050,15.915418,395750,18387.3008,18100.0
2021-10-20 11:45:00,384.0,436.65,373.85,398.55,14550,17.328206,22600,18341.6992,18050.0
2021-10-20 12:00:00,398.55,433.65,398.55,413.05,74850,18.12215,978250,18302.75,18000.0
2021-10-20 12:15:00,410.05,437.75,402.0,423.75,52350,18.388632,992050,18314.0,18000.0
2021-10-20 12:30:00,423.75,427.85,407.0,414.0,31200,19.019812,994450,18294.1504,18000.0
2021-10-20 12:45:00,414.0,437.75,390.05,429.8,28750,18.727821,992600,18318.5508,18000.0
2021-10-20 13:00:00,429.8,433.35,382.8,398.4,15150,17.022822,24150,18345.6992,18050.0
2021-10-20 13:15:00,398.4,426.55,398.4,414.1,10500,17.723045,995400,18309.3496,18000.0
2021-10-20 13:30:00,414.1,442.55,392.55,399.6,46400,18.189442,998050,18285.3008,18000.0
2021-10-20 13:45:00,399.6,435.15,388.6,394.65,20450,18.148671,993550,18279.3496,18000.0
2021-10-20 14:00:00,437.0,437.5,391.8,427.7,10350,19.257596,70000,18261.5,17950.0
2021-10-20 14:15:00,412.25,452.25,403.0,444.0,3950,20.445871,599250,18220.5996,17900.0
2021-10-20 14:30:00,403.2,452.2,399.95,407.7,2150,20.018648,69050,18225.9492,17950.0
2021-10-20 14:45:00,407.7,427.3,407.7,418.9,500,19.443495,68950,18248.25,17950.0
2021-10-20 15:00:00,418.9,442.75,398.0,424.2,10750,18.96791,69950,18260.9004,17950.0
2021-10-20 15:15:00,424.2,436.1,393.35,393.35,27900,17.797258,987350,18282.75,18000.0
2021-10-21 09:15:00,363.05,401.3,349.4,378.1,31400,16.13916,985750,18292.4492,18000.0
2021-10-21 09:30:00,378.8,419.15,362.7,408.75,34650,17.46358,71400,18269.5,17950.0
2021-10-21 09:45:00,408.75,413.35,360.55,364.9,20350,15.948943,974950,18277.8008,18000.0
2021-10-21 10:00:00,365.8,406.1,361.0,382.5,14450,16.498312,69350,18245.6504,17950.0
2021-10-21 10:15:00,382.5,421.15,370.25,378.0,4650,17.284691,68950,18232.3496,17950.0
2021-10-21 10:30:00,378.0,416.95,369.6,382.6,12200,17.844849,584800,18183.4004,17900.0
2021-10-21 10:45:00,382.6,428.0,373.0,399.5,5250,19.125482,38700,18143.0996,17850.0
2021-10-21 11:00:00,399.5,430.45,380.5,385.0,3800,18.416335,38700,18131.5996,17850.0
2021-10-21 11:15:00,424.8,424.8,379.0,390.75,3650,17.702463,38850,18146.5508,17850.0
2021-10-21 11:30:00,372.9,381.25,363.25,368.25,8700,16.710615,580750,18176.9004,17900.0
2021-10-21 11:45:00,368.25,410.75,366.05,390.65,2950,16.977482,39200,18153.6992,17850.0
2021-10-21 12:00:00,390.65,396.7,381.35,393.35,700,16.624028,38750,18160.4492,17850.0
2021-10-21 12:15:00,385.0,416.15,380.0,412.15,1700,17.781,786650,18124.3496,17800.0
2021-10-21 12:30:00,380.0,421.7,375.0,381.45,2000,18.373778,38700,18128.4492,17850.0
2021-10-21 12:45:00,381.45,404.4,351.05,366.05,1800,16.398591,575050,18177.9492,17900.0
2021-10-21 13:00:00,362.6,404.4,362.6,382.15,850,17.537781,39350,18138.3008,17850.0
2021-10-21 13:15:00,416.5,429.65,374.85,406.4,8600,19.146512,782250,18104.5508,17800.0
2021-10-21 13:30:00,406.4,406.4,380.0,391.3,20250,18.719593,785900,18089.3008,17800.0
2021-10-21 13:45:00,391.3,405.0,381.2,389.7,12550,17.826547,784200,18096.3496,17800.0
2021-10-21 14:00:00,389.7,426.25,368.45,375.0,14550,17.867063,785900,18077.0,17800.0
2021-10-21 14:15:00,419.35,419.35,368.3,391.25,10900,17.459361,783400,18102.1992,17800.0
2021-10-21 14:30:00,389.95,402.4,353.3,372.0,6150,15.885401,39600,18141.9004,17850.0
2021-10-21 14:45:00,372.5,385.45,368.05,383.55,6000,15.246135,43400,18161.6992,17850.0
2021-10-21 15:00:00,360.85,410.95,360.85,385.25,7400,14.606012,41300,18168.8496,17850.0
2021-10-21 15:15:00,346.4,388.45,346.4,387.8,29750,14.876711,564100,18219.5996,17900.0
2021-10-22 09:15:00,349.9,372.95,317.2,329.85,117700,11.98943,1186400,18279.1504,18000.0
2021-10-22 09:30:00,330.0,356.1,329.55,354.65,280750,11.897859,1170300,18308.0996,18000.0
2021-10-22 09:45:00,354.65,377.0,328.5,364.7,127400,13.657263,62850,18259.9004,17950.0
2021-10-22 10:00:00,364.7,373.15,324.15,327.0,259350,11.895874,1231550,18276.75,18000.0
2021-10-22 10:15:00,370.1,372.8,320.0,331.05,37500,12.103031,1263850,18280.3008,18000.0
2021-10-22 10:30:00,372.4,372.4,323.5,366.75,40400,11.406601,62000,18274.5508,17950.0
2021-10-22 10:45:00,366.75,366.75,338.0,356.8,5300,13.228567,61050,18253.8496,17950.0
2021-10-22 11:00:00,356.8,371.65,319.3,357.5,112000,11.697671,61150,18263.1504,17950.0
2021-10-22 11:15:00,357.5,385.0,340.0,360.3,20350,14.159841,565550,18202.5508,17900.0
2021-10-22 11:30:00,360.3,380.5,326.0,349.0,40050,12.391581,579200,18200.4004,17900.0
2021-10-22 11:45:00,349.0,363.75,330.0,332.55,13750,12.489886,579850,18180.9492,17900.0
2021-10-22 12:00:00,328.3,375.3,320.8,357.2,8700,14.433957,39950,18147.75,17850.0
2021-10-22 12:15:00,357.2,371.3,347.1,363.25,1150,13.343873,40200,18161.9492,17850.0
2021-10-22 12:30:00,363.25,368.95,363.25,363.25,450,14.544826,39700,18154.4004,17850.0
2021-10-22 12:45:00,363.25,385.85,340.4,373.2,6700,15.279813,800000,18111.8008,17800.0
2021-10-22 13:00:00,372.5,378.2,345.0,351.0,46400,15.390617,803350,18084.1992,17800.0
2021-10-22 13:15:00,346.95,388.0,340.0,359.5,41600,15.985808,813550,18090.1992,17800.0
2021-10-22 13:30:00,359.5,401.5,338.3,366.0,20350,15.782167,820550,18099.9004,17800.0
2021-10-22 13:45:00,366.0,381.4,338.9,353.0,33550,14.668973,822400,18092.4004,17800.0
2021-10-22 14:00:00,353.0,371.6,319.25,345.4,36000,13.346451,41750,18142.0,17850.0
2021-10-22 14:15:00,345.4,386.0,343.3,371.3,20150,14.672128,32750,18064.8008,17750.0
2021-10-22 14:30:00,371.3,403.75,343.15,360.15,29600,15.815558,818800,18093.0996,17800.0
2021-10-22 14:45:00,360.25,390.0,342.5,372.0,31700,16.612341,809200,18101.6992,17800.0
2021-10-22 15:00:00,372.0,405.0,337.7,385.95,38150,15.83572,809500,18124.5,17800.0
2021-10-22 15:15:00,385.95,389.1,370.95,381.0,39600,16.821105,801100,18111.5,17800.0
2021-10-25 09:15:00,336.0,390.65,308.9,347.0,64700,23.018349,802850,18081.1504,17800.0
2021-10-25 09:30:00,385.0,385.0,336.85,344.6,23000,23.240308,809850,18076.8496,17800.0
2021-10-25 09:45:00,396.75,396.75,345.1,355.15,43700,24.242301,547350,17985.1992,17700.0
2021-10-25 10:00:00,349.0,376.45,344.85,370.05,21650,23.517075,555650,18009.0,17700.0
2021-10-25 10:15:00,370.05,385.2,333.05,382.0,14600,23.975551,555550,18021.5,17700.0
2021-10-25 10:30:00,382.0,382.0,317.35,339.4,21750,20.375202,822450,18088.8008,17800.0
2021-10-25 10:45:00,342.0,355.45,329.75,350.0,43900,19.365062,817450,18107.0508,17800.0
2021-10-25 11:00:00,350.0,376.0,340.0,370.0,34450,22.375673,810950,18115.75,17800.0
2021-10-25 11:15:00,370.0,376.75,328.65,335.05,8600,21.401422,52700,18127.8496,17850.0
2021-10-25 11:30:00,335.05,377.15,327.4,346.45,4450,19.382994,52150,18153.0508,17850.0
2021-10-25 11:45:00,346.45,363.25,342.7,361.0,4750,19.729539,52350,18168.8496,17850.0
2021-10-25 12:00:00,361.0,381.0,316.95,350.0,179250,22.711843,49750,18139.5508,17850.0
2021-10-25 12:15:00,350.0,390.2,328.0,351.0,7350,21.434606,50600,18148.5,17850.0
2021-10-25 12:30:00,351.0,351.6,340.55,350.0,3350,21.002514,51350,18149.8496,17850.0
2021-10-25 12:45:00,350.0,372.0,342.75,362.0,4450,22.496342,52200,18156.5996,17850.0
2021-10-25 13:00:00,362.0,375.0,351.15,355.05,600,22.8342,51600,18146.3008,17850.0
2021-10-25 13:15:00,355.05,366.15,351.0,365.7,800,22.814316,51800,18159.9492,17850.0
2021-10-25 13:30:00,365.7,382.5,326.0,377.0,20150,24.574107,50050,18164.0996,17850.0
2021-10-25 13:45:00,377.0,377.0,343.75,348.0,400,19.935308,49800,18154.0996,17850.0
2021-10-25 14:00:00,358.0,394.4,348.9,357.25,8500,23.139197,835550,18098.8008,17800.0
2021-10-25 14:15:00,398.4,398.4,324.7,342.85,61900,20.447765,839100,18096.0996,17800.0
2021-10-25 14:30:00,344.7,366.05,334.9,353.4,51400,20.380892,839750,18109.3496,17800.0
2021-10-25 14:45:00,353.0,374.7,316.3,340.2,15600,20.723763,48600,18141.5508,17850.0
2021-10-25 15:00:00,340.2,373.0,323.0,366.0,26500,21.531519,818750,18119.25,17800.0
2021-10-25 15:15:00,365.7,370.95,327.8,336.0,5900,20.80098,49150,18136.5,17850.0
2021-10-26 09:15:00,356.0,369.0,303.7,328.45,109750,22.846341,66400,18235.6504,17950.0
2021-10-26 09:30:00,328.45,369.0,320.35,365.0,16850,24.121405,561500,18224.6992,17900.0
2021-10-26 09:45:00,320.2,356.4,312.95,351.9,8200,24.045201,62500,18259.3008,17950.0
2021-10-26 10:00:00,351.9,355.0,334.25,335.15,4950,24.997436,60600,18234.6504,17950.0
2021-10-26 10:15:00,335.6,375.35,325.05,355.0,51250,25.247038,567300,18208.6504,17900.0
2021-10-26 10:30:00,355.0,380.7,331.0,370.0,30750,27.867047,50450,18165.5,17850.0
2021-10-26 10:45:00,370.0,389.3,335.8,341.35,6150,23.673705,51350,18150.0,17850.0
2021-10-26 11:00:00,341.35,360.0,330.0,348.85,2600,23.091556,50850,18161.6504,17850.0
2021-10-26 11:15:00,348.85,375.7,332.75,356.0,53500,23.942788,801550,18117.3008,17800.0
2021-10-26 11:30:00,354.65,367.35,313.7,326.95,6350,23.238864,50500,18135.3496,17850.0
2021-10-26 11:45:00,326.95,332.15,320.0,327.75,1300,23.477771,50350,18135.5508,17850.0
2021-10-26 12:00:00,327.75,363.0,308.85,353.6,36350,25.035697,50050,18160.4492,17850.0
2021-10-26 12:15:00,353.6,365.1,312.35,355.0,4200,23.798111,49800,18167.5,17850.0
2021-10-26 12:30:00,355.0,366.85,302.8,358.75,8200,23.468207,752000,18123.75,17800.0
2021-10-26 12:45:00,315.0,353.3,315.0,346.7,900,22.981244,50150,18161.4004,17850.0
2021-10-26 13:00:00,310.0,357.2,306.65,345.65,3450,21.723318,50300,18165.0,17850.0
2021-10-26 13:15:00,303.35,359.0,303.35,332.2,31450,23.476494,579900,18192.4492,17900.0
2021-10-26 13:30:00,334.65,362.8,315.0,320.0,71350,22.71215,48650,18230.9492,17950.0
2021-10-26 13:45:00,364.5,369.0,307.15,311.95,30950,21.674548,48250,18225.8496,17950.0
2021-10-26 14:00:00,311.95,365.0,302.9,333.0,24850,22.895902,47300,18246.3496,17950.0
2021-10-26 14:15:00,332.95,337.85,319.4,332.2,2850,22.175946,43350,18248.4492,17950.0
2021-10-26 14:30:00,332.2,366.1,318.0,326.35,10800,25.848998,42150,18225.8496,17950.0
2021-10-26 14:45:00,326.35,340.75,322.85,336.0,2450,24.850378,42700,18242.75,17950.0
2021-10-26 15:00:00,336.0,363.1,324.5,360.0,4500,27.070798,41400,18262.6992,17950.0
2021-10-26 15:15:00,360.0,373.15,320.3,362.0,342400,28.430151,1214850,18308.9492,18000.0
2021-10-26 15:30:00,364.1,364.1,364.1,364.1,50,29.16303,1214850,18308.0996,18000.0
2021-10-27 09:15:00,321.85,387.4,285.35,328.9,209050,24.446994,1210700,18308.5,18000.0
2021-10-27 09:30:00,327.9,335.05,299.95,310.0,203100,21.954744,1200300,18293.0508,18000.0
2021-10-27 09:45:00,310.0,334.1,310.0,328.55,102450,21.847318,1200500,18313.8496,18000.0
2021-10-27 10:00:00,328.55,331.65,296.1,314.5,99450,21.714349,1199900,18298.9492,18000.0
2021-10-27 10:15:00,314.5,334.0,310.0,316.35,124150,23.652838,1171750,18297.3008,18000.0
2021-10-27 10:30:00,316.35,356.6,292.8,314.0,68600,23.279231,1163700,18295.75,18000.0
2021-10-27 10:45:00,314.0,324.85,307.65,315.0,45000,23.898848,1165900,18295.8008,18000.0
2021-10-27 11:00:00,315.0,328.95,312.85,326.55,45350,24.204569,1159500,18308.3496,18000.0
2021-10-27 11:15:00,326.55,347.25,323.35,344.0,133500,26.045505,1141350,18324.25,18000.0
2021-10-27 11:30:00,297.0,349.7,289.1,307.0,56100,23.806278,100150,18337.6992,18050.0
2021-10-27 11:45:00,307.0,310.0,292.5,293.0,23050,20.703954,99100,18328.6504,18050.0
2021-10-27 12:00:00,340.0,345.35,316.15,318.55,97000,27.389761,1108550,18293.0508,18000.0
2021-10-27 12:15:00,316.55,330.0,312.0,325.45,61400,25.553167,1107450,18305.6992,18000.0
2021-10-27 12:30:00,325.45,337.2,307.15,313.0,77700,24.105281,1098350,18295.0996,18000.0
2021-10-27 12:45:00,313.95,329.2,306.9,314.0,41750,25.41498,1095750,18293.6992,18000.0
2021-10-27 13:00:00,315.0,335.9,312.2,330.15,78400,26.191708,1092750,18310.5508,18000.0
2021-10-27 13:15:00,331.0,333.5,318.3,322.35,46250,26.449115,1087800,18301.5,18000.0
2021-10-27 13:30:00,322.35,350.0,321.0,327.35,60750,28.53395,1086350,18302.6504,18000.0
2021-10-27 13:45:00,327.35,338.5,322.0,333.7,53700,26.97627,1081450,18313.8496,18000.0
2021-10-27 14:00:00,335.0,337.0,325.8,330.95,64700,25.966959,1059550,18313.1504,18000.0
2021-10-27 14:15:00,330.95,351.3,282.65,331.45,93250,26.97941,31750,18262.0996,17950.0
2021-10-27 14:30:00,331.45,343.9,285.25,330.95,27900,20.8705,458750,18221.5508,17900.0
2021-10-27 14:45:00,288.6,318.7,288.05,310.0,3700,22.824274,34100,18246.5996,17950.0
2021-10-27 15:00:00,310.0,340.0,287.0,295.45,7850,22.177004,35500,18232.0,17950.0
2021-10-27 15:15:00,340.2,348.8,290.05,303.55,39650,27.21359,459600,18181.5,17900.0
2021-10-28 09:15:00,307.7,317.85,282.1,285.6,14550,38.252552,51700,18129.75,17850.0
2021-10-28 09:30:00,285.6,346.1,281.55,346.1,66650,67.880625,28600,18070.4492,17750.0
2021-10-28 09:45:00,282.9,342.7,281.3,326.35,36350,50.825351,28950,18066.6992,17750.0
2021-10-28 10:00:00,326.35,334.7,281.4,297.2,14350,41.265087,729150,18092.0508,17800.0
2021-10-28 10:15:00,297.2,309.3,281.2,290.1,69200,42.352815,745300,18084.5508,17800.0
2021-10-28 10:30:00,289.95,339.85,283.8,308.0,21550,55.469724,29650,18046.0996,17750.0
2021-10-28 10:45:00,308.0,346.6,288.9,340.9,9100,69.736778,415300,18022.1504,17700.0
2021-10-28 11:00:00,291.45,346.9,286.55,305.0,9150,64.158024,30400,18038.0996,17750.0
2021-10-28 11:15:00,305.0,316.9,291.25,296.4,2200,52.898008,30300,18038.5996,17750.0
2021-10-28 11:30:00,296.4,310.0,289.05,296.2,2300,52.453855,31000,18039.5,17750.0
2021-10-28 11:45:00,296.2,332.6,275.65,281.6,43300,49.643041,792750,18076.25,17800.0
2021-10-28 12:00:00,330.8,343.0,292.1,337.95,4650,76.517539,411800,18023.3008,17700.0
2021-10-28 12:15:00,337.95,338.0,292.95,296.95,31750,59.904772,421150,17990.0508,17700.0
2021-10-28 12:30:00,296.95,331.35,295.05,316.0,26400,60.987393,413950,18011.0508,17700.0
2021-10-28 12:45:00,316.0,334.15,277.9,282.85,17050,41.960352,37100,18031.75,17750.0
2021-10-28 13:00:00,282.85,336.0,275.25,309.1,17050,53.49893,416950,18007.3496,17700.0
2021-10-28 13:15:00,309.4,334.0,263.9,313.65,12450,74.717874,415150,18007.5996,17700.0
2021-10-28 13:30:00,313.65,338.85,278.75,286.1,16350,77.850905,418150,17978.75,17700.0
2021-10-28 13:45:00,276.35,336.6,269.4,318.7,17300,119.319273,31800,17947.9492,17650.0
2021-10-28 14:00:00,318.7,318.7,289.65,312.0,2900,110.238339,32100,17950.4004,17650.0
2021-10-28 14:15:00,312.0,351.2,293.75,323.6,5600,122.745991,212450,17913.5,17600.0
2021-10-28 14:30:00,323.6,338.25,305.1,309.55,10050,128.047042,208000,17901.9492,17600.0
2021-10-28 14:45:00,309.55,332.8,274.75,315.9,22800,0.0,199750,17900.8008,17600.0
2021-10-28 15:00:00,319.0,348.45,281.75,320.5,81600,0.0,17000,17854.4004,17550.0
2021-10-28 15:15:00,320.5,363.45,300.4,306.6,19800,0.0,21500,17862.9004,17550.0
