datetime,open,high,low,close,volume,iv,oi,spot,strike
2025-04-29 09:15:00,24.0,29.95,18.0,24.85,12152850,14.873239,6904800,24417.1,24600.0
2025-04-29 09:30:00,24.4,33.95,15.45,31.95,14914275,16.718511,15556200,24316.6,24500.0
2025-04-29 09:45:00,23.4,38.15,19.05,20.1,15405525,15.105538,7460175,24390.25,24600.0
2025-04-29 10:00:00,27.65,28.75,16.8,20.25,5862525,14.697413,5198325,24351.55,24550.0
2025-04-29 10:15:00,20.25,25.9,16.3,22.4,6679125,14.549911,18007575,24317.8,24500.0
2025-04-29 10:30:00,22.35,23.1,15.2,21.05,5179800,14.078384,18244050,24321.5,24500.0
2025-04-29 10:45:00,15.95,18.55,15.55,15.75,2373450,14.451563,5090475,24333.8,24550.0
2025-04-29 11:00:00,16.05,20.2,16.0,17.0,2968950,13.8344,5029875,24356.05,24550.0
2025-04-29 11:15:00,17.1,17.55,15.5,15.85,1839675,13.88689,5062500,24349.25,24550.0
2025-04-29 11:30:00,15.9,17.5,14.7,16.55,2033775,13.913516,5057850,24354.4,24550.0
2025-04-29 11:45:00,16.7,19.15,13.15,16.85,5347200,13.663623,18871125,24313.25,24500.0
2025-04-29 12:00:00,16.85,20.55,16.15,16.75,9670800,13.534397,18518625,24316.6,24500.0
2025-04-29 12:15:00,16.9,17.85,14.5,14.85,5783325,13.368348,18582300,24309.75,24500.0
2025-04-29 12:30:00,14.9,16.0,11.65,12.05,2715225,13.341207,5067900,24341.85,24550.0
2025-04-29 12:45:00,11.95,14.05,10.95,13.85,2374275,13.197056,4987650,24358.95,24550.0
2025-04-29 13:00:00,13.9,15.0,12.5,12.75,2191875,13.006184,5039175,24356.85,24550.0
2025-04-29 13:15:00,12.75,14.9,9.85,13.4,2411250,12.840407,4940400,24366.05,24550.0
2025-04-29 13:30:00,13.4,14.3,12.15,12.4,1571250,13.161669,5007225,24353.9,24550.0
2025-04-29 13:45:00,12.45,13.2,10.75,12.1,1914150,12.918628,4970925,24358.25,24550.0
2025-04-29 14:00:00,12.15,13.6,11.3,12.1,2050200,12.614009,4925100,24365.95,24550.0
2025-04-29 14:15:00,12.05,12.9,10.6,10.8,1925475,13.173135,5013525,24346.0,24550.0
2025-04-29 14:30:00,10.9,11.5,10.7,11.0,1957425,12.820581,4966200,24356.45,24550.0
2025-04-29 14:45:00,11.0,11.05,9.1,9.1,2453025,12.922908,4886775,24340.2,24550.0
2025-04-29 15:00:00,9.25,9.45,7.35,8.75,3672225,13.473865,4481925,24326.45,24550.0
2025-04-29 15:15:00,12.55,13.0,8.4,8.45,5981700,13.462637,4283250,24325.45,24550.0
2025-04-30 09:15:00,10.9,10.9,3.65,5.6,46875300,20.643254,20107425,24322.25,24500.0
2025-04-30 09:30:00,3.75,4.85,3.2,3.4,17331375,20.737106,5975700,24346.8,24550.0
2025-04-30 09:45:00,3.4,5.3,2.65,4.2,19899675,20.749017,6367875,24364.1,24550.0
2025-04-30 10:00:00,4.15,4.3,2.55,2.6,12529875,19.98482,6824175,24353.35,24550.0
2025-04-30 10:15:00,2.55,2.9,2.15,2.3,10201950,21.729302,7349250,24332.0,24550.0
2025-04-30 10:30:00,3.3,3.45,2.55,2.65,26730525,19.562139,21994650,24321.55,24500.0
2025-04-30 10:45:00,2.7,3.0,1.7,2.05,10658250,21.618559,7197225,24341.4,24550.0
2025-04-30 11:00:00,2.05,2.45,1.8,1.95,8145300,23.05464,7401075,24329.65,24550.0
2025-04-30 11:15:00,2.0,4.6,1.65,1.75,19368975,23.230322,7165875,24330.45,24550.0
2025-04-30 11:30:00,1.8,1.95,1.6,1.65,6009975,23.576251,7223625,24332.3,24550.0
2025-04-30 11:45:00,1.6,2.9,1.45,2.0,11386200,24.416948,6876075,24341.35,24550.0
2025-04-30 12:00:00,2.0,2.35,1.55,1.6,9102900,23.990921,7361100,24344.75,24550.0
2025-04-30 12:15:00,1.6,1.65,1.1,1.15,12570075,23.097301,7442475,24349.75,24550.0
2025-04-30 12:30:00,1.15,1.2,0.8,0.85,9344175,22.308517,7689150,24356.5,24550.0
2025-04-30 12:45:00,0.85,1.0,0.75,0.8,4898475,24.828187,7216875,24340.2,24550.0
2025-04-30 13:00:00,0.8,0.8,0.6,0.6,4939275,25.654943,6935775,24334.5,24550.0
2025-04-30 13:15:00,0.65,0.65,0.4,0.45,5228775,26.342497,6731025,24332.5,24550.0
2025-04-30 13:30:00,0.5,0.55,0.4,0.4,4907625,25.704552,6127125,24350.45,24550.0
2025-04-30 13:45:00,0.4,0.45,0.3,0.35,4469400,27.660596,5866575,24347.1,24550.0
2025-04-30 14:00:00,0.35,0.45,0.25,0.35,4062975,31.116838,6357000,24340.65,24550.0
2025-04-30 14:15:00,0.35,0.35,0.25,0.25,1698600,33.926168,6159900,24336.15,24550.0
2025-04-30 14:30:00,0.25,0.3,0.2,0.2,4062225,37.526842,5675400,24339.45,24550.0
2025-04-30 14:45:00,0.25,0.3,0.15,0.25,13517175,41.202973,5349225,24368.55,24550.0
2025-04-30 15:00:00,0.15,0.25,0.05,0.05,7294200,52.653715,5015700,24349.4,24550.0
2025-04-30 15:15:00,0.1,0.15,0.05,0.05,7178625,0.0,8812725,24243.45,24450.0
2025-04-30 15:30:00,0.1,0.1,0.1,0.1,19125,8.444213,8812725,24246.25,24450.0
2025-05-02 09:15:00,349.6,383.35,346.0,362.0,93900,14.084853,399150,24487.6,24700.0
2025-05-02 09:30:00,359.55,399.1,350.15,365.15,97575,14.314514,66525,24529.85,24750.0
2025-05-02 09:45:00,365.15,400.0,365.15,392.75,27000,14.559893,66900,24572.0,24750.0
2025-05-02 10:00:00,366.5,408.05,364.8,368.35,79800,14.367575,700875,24581.95,24800.0
2025-05-02 10:15:00,393.75,395.9,359.65,384.6,21075,14.324238,457200,24520.7,24700.0
2025-05-02 10:30:00,383.0,401.35,353.35,373.0,192675,14.24694,488475,24502.05,24700.0
2025-05-02 10:45:00,373.0,398.85,355.3,360.55,44625,14.193645,70725,24432.0,24650.0
2025-05-02 11:00:00,360.55,390.45,354.25,385.55,58200,14.402412,455100,24422.9,24600.0
2025-05-02 11:15:00,385.55,397.15,357.5,364.3,84000,14.280036,477900,24387.3,24600.0
2025-05-02 11:30:00,363.95,389.6,355.35,364.55,102975,14.351933,78150,24336.1,24550.0
2025-05-02 11:45:00,366.45,380.0,361.6,374.8,9975,14.392979,74400,24354.7,24550.0
2025-05-02 12:00:00,374.8,387.5,361.35,379.45,154200,14.412892,4011300,24315.0,24500.0
2025-05-02 12:15:00,377.65,391.7,357.7,366.95,210375,14.402702,102675,24242.75,24450.0
2025-05-02 12:30:00,368.15,379.9,348.2,358.55,26850,14.229347,3943500,24283.3,24500.0
2025-05-02 12:45:00,357.85,373.15,353.95,356.25,141525,14.152729,3941400,24282.95,24500.0
2025-05-02 13:00:00,357.6,375.0,351.6,363.5,111675,14.167658,3955500,24297.0,24500.0
2025-05-02 13:15:00,363.5,380.45,348.0,374.05,91950,14.196573,88425,24364.8,24550.0
2025-05-02 13:30:00,349.4,378.1,349.4,360.9,107175,14.093304,617250,24392.35,24600.0
2025-05-02 13:45:00,362.0,367.2,347.65,347.7,29250,13.851396,621075,24378.8,24600.0
2025-05-02 14:00:00,373.5,374.1,341.1,363.95,21750,13.659062,88575,24373.55,24550.0
2025-05-02 14:15:00,345.4,379.55,341.85,359.15,52125,13.847513,3997350,24306.25,24500.0
2025-05-02 14:30:00,358.9,369.6,339.45,341.15,190425,13.690052,99600,24326.65,24550.0
2025-05-02 14:45:00,365.65,376.85,339.3,374.65,34875,14.0677,105900,24373.95,24550.0
2025-05-02 15:00:00,345.6,363.85,339.0,356.75,16275,13.525457,104625,24367.15,24550.0
2025-05-02 15:15:00,383.0,383.0,334.0,363.95,147000,13.904065,3995250,24313.65,24500.0
2025-05-05 09:15:00,340.5,362.45,322.9,339.95,20850,14.363843,86700,24443.15,24650.0
2025-05-05 09:30:00,339.95,368.45,327.95,340.5,30825,14.273264,88275,24449.15,24650.0
2025-05-05 09:45:00,340.5,361.45,319.95,349.4,49200,14.50783,560175,24503.65,24700.0
2025-05-05 10:00:00,349.75,364.0,331.0,339.6,50475,14.598794,573525,24479.1,24700.0
2025-05-05 10:15:00,339.6,364.5,333.0,338.1,16200,14.534898,575625,24479.55,24700.0
2025-05-05 10:30:00,338.1,365.0,338.1,360.0,25725,14.566986,572250,24522.65,24700.0
2025-05-05 10:45:00,360.0,363.25,333.0,360.05,31875,14.640511,90300,24471.1,24650.0
2025-05-05 11:00:00,333.95,361.95,327.5,331.0,3000,14.137497,570825,24486.2,24700.0
2025-05-05 11:15:00,331.0,361.5,326.25,351.45,5025,14.421395,89775,24465.35,24650.0
2025-05-05 11:30:00,351.45,355.35,327.4,345.4,5850,14.544844,89175,24447.05,24650.0
2025-05-05 11:45:00,345.4,360.2,324.95,331.45,33075,14.025149,89250,24445.4,24650.0
2025-05-05 12:00:00,337.85,340.8,332.0,334.45,1725,14.083532,89025,24448.75,24650.0
2025-05-05 12:15:00,334.45,338.75,328.45,338.75,1125,14.091044,89100,24457.35,24650.0
2025-05-05 12:30:00,338.75,340.35,330.9,330.9,2325,13.909284,88950,24450.85,24650.0
2025-05-05 12:45:00,330.9,341.0,330.9,340.0,600,13.813635,88725,24474.3,24650.0
2025-05-05 13:00:00,340.0,342.55,315.05,334.7,1425,14.066281,88575,24451.05,24650.0
2025-05-05 13:15:00,334.7,337.95,327.9,337.0,1950,14.056161,88500,24456.45,24650.0
2025-05-05 13:30:00,337.0,344.35,313.55,344.35,1575,14.013129,89325,24473.65,24650.0
2025-05-05 13:45:00,316.95,341.6,313.55,320.85,13875,13.849895,578550,24482.6,24700.0
2025-05-05 14:00:00,320.85,348.7,316.0,338.15,9525,13.789507,89325,24472.9,24650.0
2025-05-05 14:15:00,338.15,339.1,331.8,337.45,1725,13.935917,89550,24464.35,24650.0
2025-05-05 14:30:00,311.0,324.4,311.0,317.0,12600,13.836595,581025,24475.95,24700.0
2025-05-05 14:45:00,317.0,323.9,313.7,321.75,10350,14.010375,579225,24477.0,24700.0
2025-05-05 15:00:00,321.75,347.4,321.75,338.9,1275,14.323123,87450,24448.3,24650.0
2025-05-05 15:15:00,338.9,348.5,338.9,348.0,4350,14.471029,86325,24459.5,24650.0
2025-05-06 09:15:00,314.5,339.65,314.35,318.9,17550,14.14117,89700,24433.0,24650.0
2025-05-06 09:30:00,318.9,333.95,318.8,324.2,5325,13.866211,91950,24458.1,24650.0
2025-05-06 09:45:00,324.2,343.4,314.35,322.8,41400,14.17443,748725,24391.65,24600.0
2025-05-06 10:00:00,322.8,329.4,314.65,318.45,52950,14.039912,739875,24389.7,24600.0
2025-05-06 10:15:00,318.45,342.35,309.85,315.75,34275,14.010773,736350,24385.8,24600.0
2025-05-06 10:30:00,315.75,321.6,310.0,321.25,85050,14.018096,755175,24397.05,24600.0
2025-05-06 10:45:00,320.6,325.85,317.2,323.95,25500,14.013621,754350,24403.05,24600.0
2025-05-06 11:00:00,323.95,324.45,313.95,314.0,14325,13.910552,754875,24387.95,24600.0
2025-05-06 11:15:00,313.75,337.1,309.3,329.75,12225,13.918573,145650,24371.75,24550.0
2025-05-06 11:30:00,329.75,332.0,325.6,325.6,3450,13.967377,145725,24361.15,24550.0
2025-05-06 11:45:00,325.6,327.0,305.25,307.65,7200,13.850107,752550,24378.45,24600.0
2025-05-06 12:00:00,307.65,310.5,305.0,310.15,17475,13.687468,751050,24392.2,24600.0
2025-05-06 12:15:00,309.75,312.55,308.45,310.1,8025,13.665206,750075,24393.45,24600.0
2025-05-06 12:30:00,310.1,312.0,307.45,311.15,26850,13.871804,765000,24385.35,24600.0
2025-05-06 12:45:00,311.15,311.15,305.75,305.75,8475,13.792025,763275,24378.35,24600.0
2025-05-06 13:00:00,305.75,331.0,304.0,305.2,3900,13.678315,762900,24383.25,24600.0
2025-05-06 13:15:00,305.2,307.45,302.5,305.5,69600,13.578382,801675,24389.2,24600.0
2025-05-06 13:30:00,305.5,309.95,304.0,306.3,39150,13.568306,790725,24391.6,24600.0
2025-05-06 13:45:00,306.3,316.95,306.3,316.95,106350,13.732733,762450,24405.5,24600.0
2025-05-06 14:00:00,317.15,318.0,310.15,313.0,13725,13.901619,759600,24389.05,24600.0
2025-05-06 14:15:00,313.0,335.75,306.25,334.0,77325,14.106087,139125,24373.75,24550.0
2025-05-06 14:30:00,308.05,311.65,307.3,308.8,63075,13.917904,774300,24379.9,24600.0
2025-05-06 14:45:00,308.8,336.0,308.7,327.5,15450,14.105666,132825,24368.55,24550.0
2025-05-06 15:00:00,327.5,328.75,304.05,305.3,29625,13.631487,733800,24387.65,24600.0
2025-05-06 15:15:00,331.25,331.25,317.0,317.45,17550,14.203545,129375,24335.9,24550.0
2025-05-07 09:15:00,297.95,340.35,297.95,310.75,56850,14.360405,86400,24427.2,24650.0
2025-05-07 09:30:00,310.75,356.5,310.75,339.3,47250,15.077257,709500,24402.85,24600.0
2025-05-07 09:45:00,336.6,360.7,326.55,339.0,12450,14.978387,130650,24359.15,24550.0
2025-05-07 10:00:00,339.0,349.5,320.65,335.9,134250,14.99342,4405950,24304.1,24500.0
2025-05-07 10:15:00,336.0,338.85,300.75,308.7,110550,14.323461,133875,24329.25,24550.0
2025-05-07 10:30:00,308.7,323.0,308.7,313.75,5550,14.00495,135600,24355.9,24550.0
2025-05-07 10:45:00,313.75,318.6,296.8,296.8,13200,13.864792,130275,24327.7,24550.0
2025-05-07 11:00:00,296.8,312.8,296.8,307.95,9000,13.431218,130500,24372.6,24550.0
2025-05-07 11:15:00,283.95,312.9,283.0,309.0,43650,13.77506,704850,24406.45,24600.0
2025-05-07 11:30:00,309.0,321.4,285.8,308.75,29925,13.718585,699000,24408.95,24600.0
2025-05-07 11:45:00,306.4,322.65,289.85,309.75,23325,13.742226,131850,24361.7,24550.0
2025-05-07 12:00:00,309.75,316.2,283.0,314.8,5100,13.689196,131925,24374.85,24550.0
2025-05-07 12:15:00,286.55,296.8,286.5,295.0,15300,13.591908,675300,24387.35,24600.0
2025-05-07 12:30:00,295.0,302.75,293.95,302.6,16650,13.894459,671025,24388.35,24600.0
2025-05-07 12:45:00,302.05,311.15,301.65,301.65,16650,13.966781,671775,24382.95,24600.0
2025-05-07 13:00:00,301.65,328.7,298.45,319.4,2925,14.162849,131175,24362.05,24550.0
2025-05-07 13:15:00,319.4,319.95,315.35,315.85,6225,14.123957,131700,24356.9,24550.0
2025-05-07 13:30:00,315.85,318.4,312.15,314.45,2850,14.134784,133575,24353.65,24550.0
2025-05-07 13:45:00,314.45,324.0,314.45,324.0,2850,14.180744,133350,24371.25,24550.0
2025-05-07 14:00:00,324.0,324.0,296.3,313.1,25875,13.988233,660750,24406.9,24600.0
2025-05-07 14:15:00,313.1,330.0,298.25,306.0,9600,13.980281,660600,24392.8,24600.0
2025-05-07 14:30:00,306.0,318.6,304.0,307.55,14250,13.676719,660525,24414.7,24600.0
2025-05-07 14:45:00,307.55,310.0,302.7,302.95,8175,13.810664,659775,24395.35,24600.0
2025-05-07 15:00:00,302.95,311.45,299.3,299.75,39525,13.445212,653850,24407.05,24600.0
2025-05-07 15:15:00,300.2,311.75,300.2,311.75,50625,13.90636,643650,24409.3,24600.0
2025-05-08 09:15:00,318.0,318.0,290.0,292.75,81900,13.788067,646950,24392.3,24600.0
2025-05-08 09:30:00,292.25,297.5,284.0,287.2,60075,13.572095,661875,24391.5,24600.0
2025-05-08 09:45:00,288.5,290.0,282.15,284.1,20550,13.669784,672150,24380.3,24600.0
2025-05-08 10:00:00,284.1,292.0,281.85,287.25,48750,13.582627,697350,24391.55,24600.0
2025-05-08 10:15:00,287.25,296.1,284.45,293.75,45900,13.602186,713175,24404.45,24600.0
2025-05-08 10:30:00,293.75,296.7,290.75,290.85,10200,13.596541,714300,24398.9,24600.0
2025-05-08 10:45:00,290.85,292.2,287.25,287.85,7275,13.506725,713850,24397.25,24600.0
2025-05-08 11:00:00,287.85,293.75,287.8,289.25,9900,13.554961,711975,24398.05,24600.0
2025-05-08 11:15:00,289.25,297.55,288.0,296.0,18150,13.555698,714975,24412.3,24600.0
2025-05-08 11:30:00,296.0,296.75,294.25,296.5,4425,13.659094,713250,24408.55,24600.0
2025-05-08 11:45:00,296.5,297.75,293.7,297.7,11025,13.863958,712800,24401.3,24600.0
2025-05-08 12:00:00,297.7,298.9,294.75,296.8,20700,13.819733,715575,24403.4,24600.0
2025-05-08 12:15:00,296.8,300.35,294.35,294.85,15600,13.730209,715200,24402.35,24600.0
2025-05-08 12:30:00,294.85,297.95,294.85,295.5,19500,13.869104,722250,24397.15,24600.0
2025-05-08 12:45:00,296.25,296.5,294.0,295.5,12375,13.813639,724200,24400.1,24600.0
2025-05-08 13:00:00,295.5,295.5,289.0,290.7,17325,13.900546,726075,24385.95,24600.0
2025-05-08 13:15:00,290.7,308.25,278.95,306.25,34125,13.89234,187500,24366.55,24550.0
2025-05-08 13:30:00,306.25,313.2,300.0,305.55,16200,14.527228,184350,24337.45,24550.0
2025-05-08 13:45:00,305.55,315.25,303.1,307.9,3900,14.801108,183525,24330.4,24550.0
2025-05-08 14:00:00,307.9,325.85,300.0,319.6,99900,14.592347,4434750,24316.95,24500.0
2025-05-08 14:15:00,319.75,319.9,291.2,305.0,53925,14.291701,186975,24349.75,24550.0
2025-05-08 14:30:00,305.0,308.25,300.95,305.35,5625,14.546675,185850,24338.25,24550.0
2025-05-08 14:45:00,305.35,341.6,300.05,318.95,349650,14.7148,139875,24262.2,24450.0
2025-05-08 15:00:00,318.95,320.0,290.8,312.0,355425,14.44839,4533675,24309.15,24500.0
2025-05-08 15:15:00,312.5,347.7,301.25,347.7,150825,16.211913,134100,24154.1,24350.0
2025-05-09 09:15:00,287.95,397.4,287.95,333.05,189525,16.495445,1250550,24080.8,24300.0
2025-05-09 09:30:00,333.05,359.95,323.5,339.25,97650,16.57212,1231650,24090.5,24300.0
2025-05-09 09:45:00,339.25,375.0,334.0,351.85,70200,16.748207,1154175,24012.5,24200.0
2025-05-09 10:00:00,351.85,366.75,316.55,342.55,227550,16.341195,74625,24060.65,24250.0
2025-05-09 10:15:00,349.0,364.55,322.85,347.5,47550,16.864009,72975,24046.7,24250.0
2025-05-09 10:30:00,347.5,369.2,342.05,351.2,28425,16.806521,1172400,24009.25,24200.0
2025-05-09 10:45:00,351.2,354.0,333.0,338.25,93525,16.704066,1191525,23987.3,24200.0
2025-05-09 11:00:00,338.3,350.0,335.0,346.7,78000,16.54062,1206525,24012.85,24200.0
2025-05-09 11:15:00,346.7,353.95,315.95,334.75,40650,16.34058,1240575,24093.9,24300.0
2025-05-09 11:30:00,335.95,361.3,321.5,344.05,60900,16.36712,77850,24057.55,24250.0
2025-05-09 11:45:00,344.05,353.0,320.95,337.95,17400,16.291121,77850,24055.3,24250.0
2025-05-09 12:00:00,337.95,337.95,322.0,332.4,2625,16.115979,77700,24052.2,24250.0
2025-05-09 12:15:00,332.4,351.75,319.2,324.3,23550,16.096088,78975,24036.4,24250.0
2025-05-09 12:30:00,324.3,347.35,319.55,340.25,41700,16.416861,1181550,24006.85,24200.0
2025-05-09 12:45:00,340.25,347.3,316.05,343.5,20850,16.230107,1187925,24022.45,24200.0
2025-05-09 13:00:00,320.95,347.8,318.0,334.0,51675,16.098305,1209450,24009.25,24200.0
2025-05-09 13:15:00,335.85,353.25,322.2,344.55,66900,16.448809,77025,23966.9,24150.0
2025-05-09 13:30:00,344.55,349.0,319.35,325.4,55725,16.33333,1222050,23980.65,24200.0
2025-05-09 13:45:00,325.4,339.0,320.0,322.6,69375,16.211676,1236450,23980.75,24200.0
2025-05-09 14:00:00,323.1,339.45,322.85,335.7,52125,16.286692,1246275,24005.05,24200.0
2025-05-09 14:15:00,334.45,349.05,313.05,345.65,38250,16.552234,76725,23965.45,24150.0
2025-05-09 14:30:00,321.0,351.85,320.45,324.25,72975,16.164305,1264350,23987.3,24200.0
2025-05-09 14:45:00,324.25,348.5,324.25,343.05,55725,16.379449,1260225,24016.75,24200.0
2025-05-09 15:00:00,341.55,342.75,325.0,333.1,122175,16.289576,1257525,24000.55,24200.0
2025-05-09 15:15:00,333.1,342.7,313.55,325.0,117300,16.146953,79575,24038.65,24250.0
2025-05-12 09:15:00,171.75,264.85,171.75,230.3,547200,12.727841,2051025,24595.2,24800.0
2025-05-12 09:30:00,230.75,256.2,222.55,241.65,475725,13.344018,1997175,24591.7,24800.0
2025-05-12 09:45:00,241.65,286.3,225.0,276.6,210225,14.196994,975900,24725.0,24900.0
2025-05-12 10:00:00,279.2,280.25,241.75,246.55,153300,13.714996,987075,24682.65,24900.0
2025-05-12 10:15:00,247.95,279.15,247.95,257.8,82725,13.944108,995550,24696.9,24900.0
2025-05-12 10:30:00,257.8,266.5,247.5,256.85,60150,13.843483,1000125,24699.75,24900.0
2025-05-12 10:45:00,256.85,275.45,243.15,248.6,53475,13.923173,1001850,24678.2,24900.0
2025-05-12 11:00:00,248.6,271.2,246.8,265.2,22275,14.179768,1001100,24702.85,24900.0
2025-05-12 11:15:00,265.2,279.85,254.35,259.1,22725,14.28723,99300,24733.3,24950.0
2025-05-12 11:30:00,259.1,283.85,254.5,257.5,17700,14.326535,98700,24728.2,24950.0
2025-05-12 11:45:00,257.6,281.1,245.95,271.5,30975,14.185571,957675,24716.85,24900.0
2025-05-12 12:00:00,271.5,275.2,264.9,271.0,57825,14.069353,990675,24721.3,24900.0
2025-05-12 12:15:00,274.5,277.0,260.0,264.2,18450,14.170517,991800,24702.45,24900.0
2025-05-12 12:30:00,239.4,289.35,239.4,272.0,892425,14.744753,3941250,24790.0,25000.0
2025-05-12 12:45:00,271.55,283.0,261.0,281.75,323775,14.971492,3899175,24800.9,25000.0
2025-05-12 13:00:00,282.6,287.0,262.45,264.65,231375,14.429766,3896700,24789.15,25000.0
2025-05-12 13:15:00,265.5,297.0,265.5,293.7,516750,15.088919,3996150,24821.5,25000.0
2025-05-12 13:30:00,292.8,296.15,267.45,277.5,26100,14.867214,93450,24845.75,25050.0
2025-05-12 13:45:00,277.5,278.9,258.35,268.1,18375,14.471963,86100,24843.95,25050.0
2025-05-12 14:00:00,268.95,294.0,264.65,293.25,25050,15.168574,81975,24866.2,25050.0
2025-05-12 14:15:00,270.65,296.0,270.65,293.6,116100,15.555218,457650,24898.0,25100.0
2025-05-12 14:30:00,293.35,319.45,272.4,293.25,59400,15.266081,74850,24862.35,25050.0
2025-05-12 14:45:00,293.2,314.15,276.35,308.65,76275,15.750407,447375,24921.6,25100.0
2025-05-12 15:00:00,309.15,312.0,283.1,291.2,128850,15.254915,463950,24907.45,25100.0
2025-05-12 15:15:00,288.8,310.0,274.0,304.95,45525,15.620503,447300,24920.25,25100.0
2025-05-13 09:15:00,283.9,312.2,247.0,284.25,646350,15.244723,91875,24768.6,24950.0
2025-05-13 09:30:00,284.25,318.95,254.0,271.95,403575,15.149726,92475,24746.7,24950.0
2025-05-13 09:45:00,271.95,302.45,255.0,281.0,100725,15.295036,1405725,24711.6,24900.0
2025-05-13 10:00:00,258.1,299.35,246.55,290.9,229500,15.507977,87675,24771.95,24950.0
2025-05-13 10:15:00,290.9,300.0,260.0,288.0,108675,15.706342,161775,24660.55,24850.0
2025-05-13 10:30:00,288.0,297.3,262.05,281.2,120300,15.578172,1594050,24700.3,24900.0
2025-05-13 10:45:00,279.85,295.3,254.55,275.0,69825,15.053122,94050,24759.05,24950.0
2025-05-13 11:00:00,275.0,284.0,247.75,280.0,407550,14.985019,1638300,24724.55,24900.0
2025-05-13 11:15:00,280.0,282.0,246.15,262.75,114450,14.686208,4435425,24798.0,25000.0
2025-05-13 11:30:00,262.05,277.95,244.65,261.55,233100,14.830292,96150,24740.7,24950.0
2025-05-13 11:45:00,261.55,288.5,253.5,281.0,26925,15.055975,1647525,24724.4,24900.0
2025-05-13 12:00:00,278.5,285.95,249.0,271.45,38100,15.140947,95775,24748.85,24950.0
2025-05-13 12:15:00,271.45,284.95,253.5,275.95,44025,15.091646,1612950,24712.65,24900.0
2025-05-13 12:30:00,275.95,295.45,262.7,276.95,34725,15.579311,168225,24645.0,24850.0
2025-05-13 12:45:00,276.95,303.15,264.5,279.0,107025,15.488208,3172650,24605.4,24800.0
2025-05-13 13:00:00,278.05,293.1,261.4,267.3,77325,15.385533,166800,24633.15,24850.0
2025-05-13 13:15:00,267.3,296.45,267.3,271.95,150150,15.451797,3254550,24592.3,24800.0
2025-05-13 13:30:00,271.45,280.4,269.9,279.35,122100,15.32638,3292800,24614.15,24800.0
2025-05-13 13:45:00,279.35,282.1,268.0,268.6,130725,15.44032,3319650,24586.05,24800.0
2025-05-13 14:00:00,268.6,276.95,260.5,261.4,161100,14.972257,3367650,24591.55,24800.0
2025-05-13 14:15:00,261.75,282.0,252.0,267.85,130350,15.398887,3359850,24586.85,24800.0
2025-05-13 14:30:00,267.15,278.95,260.9,272.0,112950,15.271502,3356625,24601.9,24800.0
2025-05-13 14:45:00,271.85,285.0,253.1,273.0,1550025,15.034582,2965050,24614.8,24800.0
2025-05-13 15:00:00,273.15,277.05,249.0,263.95,662100,14.755471,243975,24559.45,24750.0
2025-05-13 15:15:00,264.25,281.8,251.05,254.0,165900,14.626025,2468700,24592.25,24800.0
2025-05-14 09:15:00,257.0,278.5,225.05,255.05,302625,14.485442,1458600,24718.1,24900.0
2025-05-14 09:30:00,251.7,263.5,220.1,231.3,93825,13.848309,132150,24742.8,24950.0
2025-05-14 09:45:00,231.3,251.5,218.7,225.45,59400,13.903202,130725,24727.4,24950.0
2025-05-14 10:00:00,246.55,250.9,217.65,235.5,12600,13.724745,130950,24758.15,24950.0
2025-05-14 10:15:00,235.5,241.0,224.95,226.5,10950,13.585431,132900,24744.65,24950.0
2025-05-14 10:30:00,226.5,246.0,215.75,224.6,30450,13.737912,133350,24733.8,24950.0
2025-05-14 10:45:00,224.6,244.8,220.0,224.05,38925,13.730983,1443150,24684.6,24900.0
2025-05-14 11:00:00,224.0,236.0,224.0,229.0,23775,13.619798,1446150,24700.95,24900.0
2025-05-14 11:15:00,229.0,238.65,227.25,236.8,20175,13.628145,1445850,24718.0,24900.0
2025-05-14 11:30:00,235.1,236.65,216.05,217.95,39075,13.405734,1453200,24686.25,24900.0
2025-05-14 11:45:00,217.95,236.4,212.25,234.05,20400,13.669434,167625,24662.15,24850.0
2025-05-14 12:00:00,234.05,244.0,219.25,220.25,36000,13.736632,1458750,24677.1,24900.0
2025-05-14 12:15:00,220.7,246.35,217.8,238.0,13575,13.878096,162600,24662.25,24850.0
2025-05-14 12:30:00,238.0,245.55,218.9,220.7,76125,13.746662,160950,24629.7,24850.0
2025-05-14 12:45:00,220.7,251.0,217.1,221.65,69900,13.789029,1951800,24581.7,24800.0
2025-05-14 13:00:00,221.35,240.6,208.75,226.45,63525,13.790733,164025,24641.3,24850.0
2025-05-14 13:15:00,226.45,249.9,216.05,226.0,49725,13.692619,160725,24644.95,24850.0
2025-05-14 13:30:00,226.0,226.0,215.55,215.55,8550,13.537141,163425,24628.5,24850.0
2025-05-14 13:45:00,215.55,240.25,211.0,232.8,35550,13.466422,1937250,24621.8,24800.0
2025-05-14 14:00:00,231.0,234.25,224.4,233.55,89100,13.66777,1940775,24615.0,24800.0
2025-05-14 14:15:00,232.5,243.0,207.0,232.4,22800,13.70354,1941375,24611.2,24800.0
2025-05-14 14:30:00,232.4,238.35,213.9,222.5,80250,13.980476,173700,24625.55,24850.0
2025-05-14 14:45:00,244.3,245.3,217.75,220.95,10650,13.736938,175950,24633.25,24850.0
2025-05-14 15:00:00,220.95,237.25,220.45,233.0,20550,13.527978,173025,24669.55,24850.0
2025-05-14 15:15:00,233.0,237.0,210.85,218.0,58950,13.512137,1446525,24685.75,24900.0
2025-05-15 09:15:00,235.05,252.3,223.9,239.65,314475,14.563095,1983375,24611.85,24800.0
2025-05-15 09:30:00,239.65,252.8,222.0,241.95,136200,15.075088,268125,24546.9,24750.0
2025-05-15 09:45:00,265.8,265.8,234.0,247.65,170250,15.053298,254925,24560.75,24750.0
2025-05-15 10:00:00,247.65,256.85,229.8,245.65,62400,14.933861,254250,24561.7,24750.0
2025-05-15 10:15:00,245.65,253.35,227.05,243.65,43500,14.75978,250950,24564.95,24750.0
2025-05-15 10:30:00,228.2,250.45,188.0,233.0,169725,14.523639,121950,24745.9,24950.0
2025-05-15 10:45:00,233.0,255.1,206.75,224.05,221775,14.389681,5260500,24780.3,25000.0
2025-05-15 11:00:00,247.15,266.1,220.9,251.15,164925,15.081484,1939875,24617.25,24800.0
2025-05-15 11:15:00,228.0,256.75,225.1,239.65,67950,15.007396,180900,24643.8,24850.0
2025-05-15 11:30:00,239.65,259.9,222.4,234.65,88200,14.937658,182475,24635.85,24850.0
2025-05-15 11:45:00,234.65,257.15,228.7,235.45,16425,15.146411,181800,24628.9,24850.0
2025-05-15 12:00:00,255.0,257.95,224.5,247.05,55650,15.009401,183375,24661.05,24850.0
2025-05-15 12:15:00,225.0,255.55,225.0,230.0,67425,14.722641,188400,24635.55,24850.0
2025-05-15 12:30:00,230.0,242.45,214.5,230.65,43275,14.578848,190050,24643.55,24850.0
2025-05-15 12:45:00,230.65,243.65,214.35,225.0,22350,14.477944,1414725,24683.95,24900.0
2025-05-15 13:00:00,202.95,252.9,195.75,207.25,425100,13.376793,508725,24886.3,25100.0
2025-05-15 13:15:00,208.0,243.65,192.75,220.0,112500,13.649474,527550,24903.6,25100.0
2025-05-15 13:30:00,197.35,223.6,189.75,205.25,268200,13.225449,1567725,24986.25,25200.0
2025-05-15 13:45:00,183.8,224.45,183.8,205.0,78075,13.372109,961050,25076.65,25300.0
2025-05-15 14:00:00,227.8,229.15,195.95,205.75,136275,13.096473,954900,25091.0,25300.0
2025-05-15 14:15:00,206.5,213.6,197.65,203.75,251775,12.672663,946800,25105.45,25300.0
2025-05-15 14:30:00,203.7,222.2,186.2,196.0,47700,12.68523,947775,25087.45,25300.0
2025-05-15 14:45:00,195.45,217.55,193.45,206.9,12525,12.671669,165600,25064.4,25250.0
2025-05-15 15:00:00,206.9,208.2,179.0,193.1,111300,12.1498,166950,25056.4,25250.0
2025-05-15 15:15:00,192.7,199.25,187.45,192.5,41550,12.599931,160050,25035.3,25250.0
2025-05-16 09:15:00,231.0,242.0,186.65,202.8,429450,13.65624,186300,25033.6,25250.0
2025-05-16 09:30:00,203.4,232.1,198.0,211.6,423975,13.38076,1509675,25017.1,25200.0
2025-05-16 09:45:00,212.4,220.95,191.0,197.8,309600,13.23713,1471200,24992.15,25200.0
2025-05-16 10:00:00,198.05,220.1,197.75,203.85,195825,13.264551,1456050,25005.15,25200.0
2025-05-16 10:15:00,202.9,224.85,190.2,205.75,117075,13.31866,1453500,25007.45,25200.0
2025-05-16 10:30:00,204.9,208.0,196.0,198.8,82950,13.208111,1456650,24996.6,25200.0
2025-05-16 10:45:00,198.8,205.0,196.65,203.7,76125,13.376682,1462950,25000.9,25200.0
2025-05-16 11:00:00,203.7,218.35,192.3,195.9,91950,13.552394,1469775,24975.45,25200.0
2025-05-16 11:15:00,195.9,214.0,190.65,207.0,50025,13.338718,160875,24961.9,25150.0
2025-05-16 11:30:00,207.0,212.45,190.35,194.65,105375,13.365482,1483650,24981.3,25200.0
2025-05-16 11:45:00,195.9,216.1,190.25,211.4,46275,13.309316,161250,24973.55,25150.0
2025-05-16 12:00:00,190.0,198.35,189.0,189.9,73125,13.242945,1502175,24976.05,25200.0
2025-05-16 12:15:00,210.0,210.5,187.15,194.4,49725,13.206243,1509675,24988.55,25200.0
2025-05-16 12:30:00,194.4,206.25,191.35,206.1,100650,13.538563,1514550,25001.55,25200.0
2025-05-16 12:45:00,205.7,213.85,196.55,198.0,96075,13.404383,1515450,24988.95,25200.0
2025-05-16 13:00:00,198.0,207.4,194.0,207.4,68325,13.498619,1527300,25006.8,25200.0
2025-05-16 13:15:00,207.0,212.55,188.35,192.0,73350,13.275844,174975,25029.75,25250.0
2025-05-16 13:30:00,213.95,217.4,191.0,199.4,93900,13.21433,1526400,25001.25,25200.0
2025-05-16 13:45:00,201.5,207.15,198.0,203.9,118650,13.157055,1512000,25014.2,25200.0
2025-05-16 14:00:00,203.9,210.85,185.85,207.0,33675,13.192681,1511250,25019.95,25200.0
2025-05-16 14:15:00,206.85,209.3,202.15,203.4,49425,13.406482,1514850,25003.1,25200.0
2025-05-16 14:30:00,204.25,209.7,198.05,206.0,65475,13.27244,1514925,25014.95,25200.0
2025-05-16 14:45:00,205.5,209.55,198.65,204.15,83550,13.252793,1514250,25011.9,25200.0
2025-05-16 15:00:00,204.15,212.5,184.6,209.9,50250,13.273567,1513950,25024.2,25200.0
2025-05-16 15:15:00,210.0,212.45,205.85,210.05,305325,13.554632,1458375,25013.1,25200.0
2025-05-19 09:15:00,186.95,215.8,180.8,200.45,221100,15.139474,1430250,25014.45,25200.0
2025-05-19 09:30:00,179.15,209.45,179.15,195.05,194925,14.957212,1445850,25009.25,25200.0
2025-05-19 09:45:00,196.1,203.35,188.9,194.4,153450,14.826498,1459875,25013.1,25200.0
2025-05-19 10:00:00,195.45,197.1,176.0,186.3,41550,14.883954,183525,25040.85,25250.0
2025-05-19 10:15:00,186.3,205.8,182.3,202.55,95475,15.049889,1526550,25024.1,25200.0
2025-05-19 10:30:00,201.85,209.3,179.8,200.2,68325,15.463014,1553325,25003.35,25200.0
2025-05-19 10:45:00,200.05,208.25,183.25,188.4,40575,15.195105,183825,25034.8,25250.0
2025-05-19 11:00:00,188.45,193.0,184.7,185.55,14850,15.22609,180675,25027.05,25250.0
2025-05-19 11:15:00,185.55,191.0,182.0,183.15,10275,15.113066,179850,25026.05,25250.0
2025-05-19 11:30:00,183.15,207.15,183.15,200.75,54300,15.392837,1555800,25008.8,25200.0
2025-05-19 11:45:00,201.3,204.5,194.0,194.3,68025,15.192573,1559250,25001.75,25200.0
2025-05-19 12:00:00,194.3,195.4,186.75,192.9,105900,15.484747,1570950,24987.5,25200.0
2025-05-19 12:15:00,192.9,200.3,186.6,195.8,90825,15.073567,1572900,25010.55,25200.0
2025-05-19 12:30:00,196.45,199.4,193.4,194.95,55050,15.218326,1584150,25003.4,25200.0
2025-05-19 12:45:00,194.95,199.0,192.35,195.7,54150,15.0459,1600650,25012.1,25200.0
2025-05-19 13:00:00,195.05,198.7,182.75,185.05,75975,15.217057,1602900,24980.55,25200.0
2025-05-19 13:15:00,185.05,191.2,183.15,184.8,64950,14.803681,1605525,24996.45,25200.0
2025-05-19 13:30:00,184.8,186.7,176.45,179.6,62850,14.874484,1609425,24981.5,25200.0
2025-05-19 13:45:00,179.6,201.9,176.4,198.5,46425,14.94681,176775,24975.0,25150.0
2025-05-19 14:00:00,199.15,205.6,173.9,182.0,82725,14.849227,175950,24940.35,25150.0
2025-05-19 14:15:00,182.5,189.95,178.3,180.9,19050,14.829012,177525,24938.85,25150.0
2025-05-19 14:30:00,180.9,185.1,177.8,183.95,10050,14.993075,180375,24940.2,25150.0
2025-05-19 14:45:00,183.95,200.75,175.0,177.5,64050,14.952744,181425,24926.45,25150.0
2025-05-19 15:00:00,177.5,187.95,177.0,179.75,15825,14.610949,183900,24945.65,25150.0
2025-05-19 15:15:00,181.1,183.9,174.55,174.55,70350,14.561251,190950,24935.35,25150.0
2025-05-20 09:15:00,168.55,195.7,163.55,173.35,285225,15.187448,201000,24935.65,25150.0
2025-05-20 09:30:00,171.55,193.4,166.85,187.4,111825,15.330063,1556475,24915.75,25100.0
2025-05-20 09:45:00,188.1,202.7,176.0,183.75,281325,15.69385,1598550,24894.05,25100.0
2025-05-20 10:00:00,182.95,187.6,175.7,182.55,160800,15.482786,1594500,24899.4,25100.0
2025-05-20 10:15:00,182.2,182.45,173.0,177.9,100725,15.4677,1621650,24889.1,25100.0
2025-05-20 10:30:00,177.5,195.0,162.8,172.35,107775,15.402317,232575,24927.0,25150.0
2025-05-20 10:45:00,172.35,198.3,171.05,177.75,67425,15.663946,233925,24930.85,25150.0
2025-05-20 11:00:00,177.75,200.95,173.05,197.55,127875,15.909768,1637850,24920.75,25100.0
2025-05-20 11:15:00,197.2,197.2,181.75,183.9,145350,15.862461,1664475,24890.55,25100.0
2025-05-20 11:30:00,183.9,198.35,177.0,196.3,138075,15.89891,404250,24870.3,25050.0
2025-05-20 11:45:00,196.05,201.2,174.75,191.25,92325,15.799263,396225,24862.5,25050.0
2025-05-20 12:00:00,191.1,195.8,170.15,184.0,135675,15.430186,397050,24859.2,25050.0
2025-05-20 12:15:00,184.0,189.35,182.3,186.85,41400,15.539613,394800,24862.35,25050.0
2025-05-20 12:30:00,186.35,192.7,184.45,187.95,35250,15.697597,390225,24859.6,25050.0
2025-05-20 12:45:00,188.35,201.45,175.5,186.25,847275,16.1,6400050,24792.5,25000.0
2025-05-20 13:00:00,186.2,191.15,176.6,179.35,760725,15.706869,6367200,24790.7,25000.0
2025-05-20 13:15:00,178.65,198.85,167.75,171.5,619425,15.460249,6397050,24781.0,25000.0
2025-05-20 13:30:00,172.05,192.8,169.3,187.55,204825,15.713248,380850,24762.2,24950.0
2025-05-20 13:45:00,186.9,190.95,166.6,186.6,236250,15.502279,389250,24767.95,24950.0
2025-05-20 14:00:00,186.6,187.0,170.2,173.95,72000,15.492156,381525,24738.35,24950.0
2025-05-20 14:15:00,173.95,193.4,170.65,184.35,275325,15.795154,1745100,24704.1,24900.0
2025-05-20 14:30:00,185.15,186.75,171.35,171.8,416025,15.57901,1717350,24681.9,24900.0
2025-05-20 14:45:00,172.9,179.25,172.1,172.35,569475,15.749697,1578750,24677.3,24900.0
2025-05-20 15:00:00,173.3,200.05,172.35,179.9,303150,15.835831,1518750,24693.1,24900.0
2025-05-20 15:15:00,180.75,202.4,176.1,181.0,338325,15.348402,1477575,24713.85,24900.0
2025-05-21 09:15:00,167.95,179.1,148.7,161.9,497325,15.541738,438225,24738.3,24950.0
2025-05-21 09:30:00,182.55,188.0,156.15,169.75,1150050,15.830409,6988500,24796.65,25000.0
2025-05-21 09:45:00,170.65,189.25,160.15,183.4,645525,16.233892,6940500,24815.9,25000.0
2025-05-21 10:00:00,184.0,189.3,164.0,187.55,242250,16.398982,740700,24869.2,25050.0
2025-05-21 10:15:00,168.3,194.0,168.3,181.35,439800,16.681224,1461075,24893.65,25100.0
2025-05-21 10:30:00,181.35,192.1,166.45,187.2,151125,16.453662,1462125,24916.1,25100.0
2025-05-21 10:45:00,187.85,190.0,168.0,180.55,178275,16.048068,1484475,24914.8,25100.0
2025-05-21 11:00:00,180.9,187.55,161.1,168.0,247425,15.703221,1472700,24896.95,25100.0
2025-05-21 11:15:00,168.0,188.0,159.2,184.0,170925,16.165337,785250,24871.0,25050.0
2025-05-21 11:30:00,183.6,186.0,162.55,169.7,109050,15.707335,790950,24853.05,25050.0
2025-05-21 11:45:00,169.7,179.25,154.2,158.0,430350,15.607367,787575,24827.85,25050.0
2025-05-21 12:00:00,178.5,180.75,153.65,159.55,823725,15.642264,453600,24733.45,24950.0
2025-05-21 12:15:00,180.9,180.9,148.15,162.05,473475,15.561524,451200,24743.05,24950.0
2025-05-21 12:30:00,161.9,176.85,147.6,158.3,768150,15.631046,6987525,24780.3,25000.0
2025-05-21 12:45:00,157.55,182.0,156.15,157.85,153225,15.713514,6951900,24776.6,25000.0
2025-05-21 13:00:00,157.8,181.9,156.0,166.6,588600,15.683668,6964275,24800.05,25000.0
2025-05-21 13:15:00,167.15,177.9,148.8,149.9,631125,15.21622,6940800,24775.1,25000.0
2025-05-21 13:30:00,151.2,174.45,147.1,167.5,640275,15.440583,466500,24762.8,24950.0
2025-05-21 13:45:00,167.5,175.65,149.0,152.4,280050,15.356603,6989775,24777.3,25000.0
2025-05-21 14:00:00,174.0,174.8,144.35,159.55,289125,15.262156,6974475,24799.2,25000.0
2025-05-21 14:15:00,159.4,171.0,153.0,166.8,606900,15.50985,6983850,24808.75,25000.0
2025-05-21 14:30:00,167.05,174.15,151.1,154.2,591900,15.2914,6998400,24785.55,25000.0
2025-05-21 14:45:00,154.0,168.5,154.0,160.15,415350,15.118458,7024350,24807.0,25000.0
2025-05-21 15:00:00,140.8,168.3,140.8,153.4,598875,14.588255,7035075,24809.4,25000.0
2025-05-21 15:15:00,153.45,155.4,144.3,147.95,997800,14.454435,7034250,24800.95,25000.0
2025-05-22 09:15:00,165.0,175.15,146.4,155.1,1885200,16.311609,2673150,24590.5,24800.0
2025-05-22 09:30:00,175.3,175.3,134.55,148.4,1348275,15.837783,3021300,24589.95,24800.0
2025-05-22 09:45:00,167.3,168.45,132.25,139.9,552675,15.473482,663375,24629.65,24850.0
2025-05-22 10:00:00,156.45,156.95,134.8,147.35,858075,15.310152,3301200,24606.05,24800.0
2025-05-22 10:15:00,146.8,157.3,135.75,138.0,643050,15.372128,3334800,24580.25,24800.0
2025-05-22 10:30:00,138.0,148.2,126.25,140.5,669000,14.836257,3395100,24605.55,24800.0
2025-05-22 10:45:00,140.0,142.7,136.25,140.9,433125,14.891017,3483300,24605.15,24800.0
2025-05-22 11:00:00,140.1,142.0,135.2,135.2,343350,14.782355,3498600,24594.6,24800.0
2025-05-22 11:15:00,135.7,138.0,130.0,135.9,489750,14.822028,3489150,24595.5,24800.0
2025-05-22 11:30:00,135.65,156.5,133.45,145.8,330975,15.168701,626625,24560.65,24750.0
2025-05-22 11:45:00,145.05,149.45,125.7,134.15,517425,14.881851,3884025,24589.75,24800.0
2025-05-22 12:00:00,134.75,149.35,128.15,148.35,372900,15.019474,637800,24572.8,24750.0
2025-05-22 12:15:00,147.45,150.2,143.4,144.7,107400,15.36282,654600,24552.7,24750.0
2025-05-22 12:30:00,144.6,149.55,143.3,145.0,57975,15.219413,659250,24558.7,24750.0
2025-05-22 12:45:00,144.3,155.15,134.3,154.6,547275,15.530747,4021275,24523.85,24700.0
2025-05-22 13:00:00,154.0,155.55,134.8,138.35,325275,15.304547,676500,24539.65,24750.0
2025-05-22 13:15:00,138.35,141.9,134.6,141.15,97800,15.177315,680250,24551.65,24750.0
2025-05-22 13:30:00,140.55,149.9,129.4,148.5,198150,15.100378,4125450,24524.2,24700.0
2025-05-22 13:45:00,148.8,151.4,129.35,130.95,258900,15.189215,708075,24525.35,24750.0
2025-05-22 14:00:00,149.95,150.05,129.0,131.75,117075,15.136014,716475,24529.8,24750.0
2025-05-22 14:15:00,151.0,151.2,135.45,139.4,1049550,15.406364,4366050,24492.35,24700.0
2025-05-22 14:30:00,139.9,155.15,124.7,136.95,859425,14.746519,750150,24557.55,24750.0
2025-05-22 14:45:00,137.25,152.65,114.05,131.95,1628475,14.069177,4740600,24616.8,24800.0
2025-05-22 15:00:00,131.5,137.45,126.05,133.2,1511025,14.491792,4698300,24606.25,24800.0
2025-05-22 15:15:00,132.5,138.0,118.6,122.5,1501425,14.210874,880950,24637.0,24850.0
2025-05-23 09:15:00,125.0,128.15,100.2,121.6,7648125,14.264652,3648225,24713.8,24900.0
2025-05-23 09:30:00,120.55,132.25,106.6,114.3,7917600,14.599767,9422400,24781.4,25000.0
2025-05-23 09:45:00,134.85,139.35,108.1,125.7,10110000,15.1094,9109350,24796.0,25000.0
2025-05-23 10:00:00,125.7,147.5,120.4,142.25,9089250,15.771686,8838225,24818.1,25000.0
2025-05-23 10:15:00,142.0,145.75,119.0,137.1,5288850,15.197804,1080375,24774.7,24950.0
2025-05-23 10:30:00,117.5,141.2,115.05,134.1,5871675,15.286392,8876100,24813.7,25000.0
2025-05-23 10:45:00,135.45,151.8,116.0,140.45,7669200,16.496332,2902125,24889.6,25100.0
2025-05-23 11:00:00,140.7,147.7,127.9,140.5,3258825,16.500998,2971275,24890.1,25100.0
2025-05-23 11:15:00,140.75,156.05,132.2,139.25,2045100,16.665032,3064200,24882.0,25100.0
2025-05-23 11:30:00,138.25,159.0,133.8,151.3,2220825,16.540123,1242825,24868.6,25050.0
2025-05-23 11:45:00,151.9,155.8,128.45,132.25,3221475,15.99368,1325400,24837.45,25050.0
2025-05-23 12:00:00,131.85,156.35,127.8,131.3,1567350,16.01426,1389750,24834.75,25050.0
2025-05-23 12:15:00,131.0,154.7,127.6,153.85,1748775,16.764514,1417125,24869.5,25050.0
2025-05-23 12:30:00,154.2,163.95,133.5,154.85,3716775,16.851558,1444875,24869.8,25050.0
2025-05-23 12:45:00,133.85,147.7,133.2,137.45,1978875,16.649496,3173475,24880.9,25100.0
2025-05-23 13:00:00,137.55,150.35,136.0,138.7,2256225,16.874487,3145725,24877.45,25100.0
2025-05-23 13:15:00,138.4,143.5,132.8,136.35,1702950,16.491903,3242400,24884.15,25100.0
2025-05-23 13:30:00,136.2,156.5,127.15,137.45,1913850,16.109107,1282800,24851.0,25050.0
2025-05-23 13:45:00,138.4,148.8,122.6,123.0,1505550,15.67285,3288150,24875.9,25100.0
2025-05-23 14:00:00,122.3,148.95,122.3,142.55,2474700,15.980743,1389900,24869.1,25050.0
2025-05-23 14:15:00,143.2,148.45,122.6,144.0,1405275,15.9997,1407900,24872.65,25050.0
2025-05-23 14:30:00,142.9,147.0,125.75,127.35,1340850,15.81852,1391475,24835.65,25050.0
2025-05-23 14:45:00,127.7,152.2,120.2,124.0,2487000,15.537603,1453500,24836.25,25050.0
2025-05-23 15:00:00,124.25,133.8,118.35,120.0,1524825,14.775041,1412850,24850.75,25050.0
2025-05-23 15:15:00,120.75,128.6,120.35,126.2,1407825,15.477237,1227225,24845.15,25050.0
2025-05-26 09:15:00,87.0,142.0,81.5,125.95,10471800,21.780997,1333125,25040.5,25250.0
2025-05-26 09:30:00,125.3,131.05,113.35,122.7,3194850,21.326544,1499925,25043.55,25250.0
2025-05-26 09:45:00,122.3,137.95,111.75,130.05,3950325,21.427729,1502250,25061.95,25250.0
2025-05-26 10:00:00,129.75,132.9,123.05,125.65,1815825,21.710947,1529775,25044.15,25250.0
2025-05-26 10:15:00,126.2,152.3,113.35,122.2,5822850,22.175719,5010825,24975.2,25200.0
2025-05-26 10:30:00,141.6,157.65,118.75,144.4,3726450,22.921672,1999050,24969.4,25150.0
2025-05-26 10:45:00,125.4,148.75,125.05,128.1,2808750,22.72338,5518125,24980.3,25200.0
2025-05-26 11:00:00,148.4,152.95,125.1,145.25,1327725,22.952031,2090775,24972.75,25150.0
2025-05-26 11:15:00,125.35,154.0,125.05,146.05,5038425,23.005812,1950750,24974.5,25150.0
2025-05-26 11:30:00,146.85,148.25,122.85,146.4,1628250,23.121151,1981125,24973.7,25150.0
2025-05-26 11:45:00,126.45,143.85,125.2,137.55,2824950,23.180032,5307900,24999.05,25200.0
2025-05-26 12:00:00,137.45,141.1,126.75,128.45,2597100,22.57055,5366700,24989.8,25200.0
2025-05-26 12:15:00,128.0,143.55,120.65,132.55,2706225,22.336497,5529675,25007.4,25200.0
2025-05-26 12:30:00,132.6,147.5,122.85,143.0,2544975,23.136199,1909500,24968.4,25150.0
2025-05-26 12:45:00,123.5,146.5,121.2,143.85,1633800,23.32056,1947900,24967.35,25150.0
2025-05-26 13:00:00,143.85,146.85,124.0,125.6,1776825,22.733729,5686575,24981.9,25200.0
2025-05-26 13:15:00,125.25,146.1,122.55,143.8,1231200,23.148289,1911225,24973.05,25150.0
2025-05-26 13:30:00,143.75,145.0,123.6,133.55,2239200,22.921618,5598825,25001.2,25200.0
2025-05-26 13:45:00,133.05,139.8,128.8,131.45,2744250,23.234834,5545050,24989.15,25200.0
2025-05-26 14:00:00,131.35,133.9,121.5,129.65,2689125,22.562888,5714775,25001.0,25200.0
2025-05-26 14:15:00,129.8,144.45,118.85,123.3,1810650,22.537695,5751825,24985.1,25200.0
2025-05-26 14:30:00,123.8,132.0,121.2,123.1,2555775,22.18239,5668125,24993.95,25200.0
2025-05-26 14:45:00,123.6,129.95,117.8,125.25,2487525,22.020768,5672700,25004.6,25200.0
2025-05-26 15:00:00,126.1,132.35,120.85,127.55,3060225,22.336832,5492325,25004.45,25200.0
2025-05-26 15:15:00,127.7,129.3,124.55,127.95,2595000,22.77412,5067300,24996.35,25200.0
2025-05-26 15:30:00,128.0,128.0,128.0,128.0,1800,22.782822,5067300,24996.35,25200.0
2025-05-27 09:15:00,155.45,155.45,126.25,136.8,12658275,28.269506,12122925,24790.45,25000.0
2025-05-27 09:30:00,135.5,155.4,122.1,130.25,8828175,28.112873,2738850,24825.7,25050.0
2025-05-27 09:45:00,149.5,153.3,129.0,140.55,6809175,27.964147,2574150,24760.4,24950.0
2025-05-27 10:00:00,139.65,147.7,119.55,123.85,3722700,27.349817,13612200,24777.1,25000.0
2025-05-27 10:15:00,141.25,142.7,128.75,134.95,1289250,27.577787,2559000,24755.7,24950.0
2025-05-27 10:30:00,135.1,143.55,119.05,131.4,3763050,26.871464,2545800,24761.3,24950.0
2025-05-27 10:45:00,131.7,139.6,117.15,121.7,3388350,27.124249,13783800,24779.7,25000.0
2025-05-27 11:00:00,139.0,150.1,115.2,125.3,8041275,27.686654,5892300,24877.65,25100.0
2025-05-27 11:15:00,124.6,165.5,112.9,154.85,9224250,29.928541,5994450,25012.55,25200.0
2025-05-27 11:30:00,134.25,171.85,112.95,149.45,5905500,28.993738,1252725,24968.95,25150.0
2025-05-27 11:45:00,149.65,157.1,122.0,142.85,3086775,29.2531,1401450,24948.05,25150.0
2025-05-27 12:00:00,142.2,151.6,130.15,143.35,1349175,28.909122,1445925,24957.45,25150.0
2025-05-27 12:15:00,144.85,168.35,131.2,149.4,2857800,30.000987,2528250,24856.3,25050.0
2025-05-27 12:30:00,149.1,161.65,133.0,148.5,1985175,29.736756,2542425,24860.4,25050.0
2025-05-27 12:45:00,129.1,160.45,127.0,152.85,1888350,29.735389,13059750,24824.25,25000.0
2025-05-27 13:00:00,133.3,158.0,128.8,132.95,3395400,29.2982,2501100,24829.85,25050.0
2025-05-27 13:15:00,132.65,151.0,127.4,137.55,3612750,27.728622,13455750,24824.85,25000.0
2025-05-27 13:30:00,137.3,145.15,118.75,135.9,2083650,28.963336,2505450,24847.4,25050.0
2025-05-27 13:45:00,137.75,158.85,123.4,144.2,3073575,29.434558,2763750,24764.35,24950.0
2025-05-27 14:00:00,142.7,146.65,125.5,139.8,1535700,28.716271,2825475,24767.6,24950.0
2025-05-27 14:15:00,141.0,146.25,121.6,131.25,1658400,29.486085,2716200,24731.35,24950.0
2025-05-27 14:30:00,130.85,142.9,121.9,126.05,1952475,28.786159,14012775,24780.65,25000.0
2025-05-27 14:45:00,126.65,142.95,115.3,125.65,4915500,26.865015,13910625,24817.7,25000.0
2025-05-27 15:00:00,125.75,128.05,103.45,109.65,3224175,26.416766,2530950,24831.8,25050.0
2025-05-27 15:15:00,109.75,130.6,106.3,107.45,2205975,25.864347,2404800,24837.7,25050.0
2025-05-28 09:15:00,115.3,141.95,101.05,114.6,16516875,32.449212,2845575,24769.15,24950.0
2025-05-28 09:30:00,114.95,119.35,89.85,103.75,9022650,31.287789,15978225,24807.25,25000.0
2025-05-28 09:45:00,104.75,107.9,83.6,86.8,7911675,29.76931,17043750,24782.15,25000.0
2025-05-28 10:00:00,86.75,100.4,82.2,89.0,2903700,28.602108,3369150,24760.5,24950.0
2025-05-28 10:15:00,89.3,94.7,80.6,84.45,2613075,28.481522,3417900,24750.5,24950.0
2025-05-28 10:30:00,85.55,92.5,82.15,82.3,1720575,28.047233,3439275,24752.7,24950.0
2025-05-28 10:45:00,82.75,97.3,75.2,80.55,12642075,29.086486,16882725,24781.65,25000.0
2025-05-28 11:00:00,81.0,95.15,78.65,86.55,5737050,28.150889,3510750,24768.05,24950.0
2025-05-28 11:15:00,73.25,89.45,70.6,80.4,4144125,27.670376,3480525,24758.7,24950.0
2025-05-28 11:30:00,80.45,81.25,73.65,77.75,1847475,27.41756,3512100,24756.35,24950.0
2025-05-28 11:45:00,77.2,84.7,69.05,82.5,2733375,27.554498,3482175,24770.9,24950.0
2025-05-28 12:00:00,81.95,82.05,69.35,73.95,1550175,26.559266,3457050,24761.7,24950.0
2025-05-28 12:15:00,74.0,84.65,70.3,73.65,2318700,28.800177,16885725,24776.45,25000.0
2025-05-28 12:30:00,73.5,82.55,71.0,78.45,8986875,28.756703,16827150,24795.1,25000.0
2025-05-28 12:45:00,78.75,93.35,74.5,80.8,12266175,28.720057,16477350,24805.25,25000.0
2025-05-28 13:00:00,81.4,87.8,66.35,67.5,9417225,26.96983,16527375,24791.35,25000.0
2025-05-28 13:15:00,67.0,78.35,61.0,65.4,5825175,26.770985,16550925,24789.45,25000.0
2025-05-28 13:30:00,64.95,72.3,52.65,54.25,5594550,25.217422,16316475,24776.7,25000.0
2025-05-28 13:45:00,66.0,67.2,52.3,63.7,2222025,24.551648,3374925,24773.3,24950.0
2025-05-28 14:00:00,63.35,64.5,51.8,54.05,5039100,24.704711,16286175,24788.55,25000.0
2025-05-28 14:15:00,54.35,58.55,44.85,55.7,6362175,23.1671,3262500,24771.7,24950.0
2025-05-28 14:30:00,44.95,63.25,44.55,48.3,5524350,24.024763,15954975,24782.0,25000.0
2025-05-28 14:45:00,48.7,62.1,47.4,60.75,4291800,24.372286,3124800,24774.05,24950.0
2025-05-28 15:00:00,60.8,61.3,47.65,49.45,3189450,23.584094,2849100,24748.5,24950.0
2025-05-28 15:15:00,49.8,51.7,45.75,46.15,3422175,22.393497,2730900,24757.15,24950.0
2025-05-29 09:15:00,23.7,38.8,13.0,14.35,36650325,28.973413,19667400,24800.05,25000.0
2025-05-29 09:30:00,11.05,17.05,10.55,15.8,30939750,29.676204,21868950,24808.75,25000.0
2025-05-29 09:45:00,16.05,19.3,11.95,16.5,22085475,31.306949,20893200,24804.05,25000.0
2025-05-29 10:00:00,16.25,22.3,13.75,14.55,22545900,30.952385,19754025,24801.75,25000.0
2025-05-29 10:15:00,14.5,16.15,11.4,14.5,17226300,29.626682,6306150,24771.15,24950.0
2025-05-29 10:30:00,14.5,15.95,11.6,11.95,9487875,31.529924,6117375,24743.2,24950.0
2025-05-29 10:45:00,12.1,16.7,12.0,13.95,6743250,33.93602,6075000,24743.95,24950.0
2025-05-29 11:00:00,14.15,16.2,10.25,12.95,9115725,30.731674,16871550,24723.55,24900.0
2025-05-29 11:15:00,13.25,13.45,8.45,9.1,10777575,33.281762,5948925,24728.95,24950.0
2025-05-29 11:30:00,9.2,11.05,8.1,10.25,6381975,35.13376,6123150,24732.6,24950.0
2025-05-29 11:45:00,10.25,11.8,8.35,10.9,9015525,36.190693,5871150,24739.5,24950.0
2025-05-29 12:00:00,10.85,14.1,9.95,12.4,8923425,40.02173,5701200,24732.05,24950.0
2025-05-29 12:15:00,12.3,14.05,9.05,12.4,8660550,39.209365,5673600,24750.2,24950.0
2025-05-29 12:30:00,12.35,15.5,8.35,8.8,16390950,36.986796,14968050,24700.55,24900.0
2025-05-29 12:45:00,8.7,14.2,5.9,12.55,20180475,40.348601,5708325,24768.6,24950.0
2025-05-29 13:00:00,12.8,13.8,6.25,7.9,15409200,38.102092,6041550,24760.75,24950.0
2025-05-29 13:15:00,7.55,7.85,4.2,4.55,11890875,35.390328,6298425,24758.2,24950.0
2025-05-29 13:30:00,4.75,5.85,3.4,3.7,10898250,36.555685,5990925,24754.75,24950.0
2025-05-29 13:45:00,3.7,5.7,3.7,4.15,12276525,41.960216,5759100,24745.7,24950.0
2025-05-29 14:00:00,4.05,4.4,1.65,1.75,19374150,41.559782,5681850,24725.6,24950.0
2025-05-29 14:15:00,1.75,3.1,1.55,1.65,24760050,42.294377,5697900,24746.85,24950.0
2025-05-29 14:30:00,1.6,2.8,0.85,1.05,26100825,43.291661,5860575,24756.3,24950.0
2025-05-29 14:45:00,1.05,1.2,0.55,0.75,14135250,49.757225,5365125,24757.35,24950.0
2025-05-29 15:00:00,0.6,0.9,0.15,0.2,32848425,59.414108,4346025,24850.75,25050.0
2025-05-29 15:15:00,0.2,0.3,0.05,0.1,4725675,0.0,5964075,24880.85,25100.0
